timestamp,route,status,duration_ms
2026-07-06T06:43:41,/docs,200,32.6
2026-07-06T07:39:48,/docs,200,109.4
2026-07-06T07:45:27,/pricing,200,45.0
2026-07-06T08:02:00,/api/search,200,129.6
2026-07-06T08:12:00,/api/search,200,175.3
2026-07-06T09:50:33,/api/checkout,200,170.2
2026-07-06T10:00:57,/api/search,200,211.3
2026-07-06T10:04:47,/api/checkout,200,81.5
2026-07-06T10:08:11,/,200,47.2
2026-07-06T10:14:28,/,200,38.5
2026-07-06T10:18:19,/,200,51.7
2026-07-06T10:49:51,/,200,26.1
2026-07-06T11:03:10,/docs,200,31.3
2026-07-06T11:10:25,/,200,23.8
2026-07-06T11:10:49,/docs,200,29.3
2026-07-06T11:16:29,/api/search,200,371.4
2026-07-06T11:18:09,/docs,200,62.0
2026-07-06T11:32:55,/pricing,200,32.6
2026-07-06T12:23:31,/,200,72.1
2026-07-06T12:24:07,/,200,25.2
2026-07-06T12:47:02,/,200,34.3
2026-07-06T12:49:25,/,200,25.6
2026-07-06T13:13:34,/api/search,200,275.0
2026-07-06T13:46:00,/api/checkout,200,212.7
2026-07-06T13:47:50,/api/search,200,197.1
2026-07-06T13:47:58,/api/export,200,241.2
2026-07-06T13:53:14,/,200,46.6
2026-07-06T13:53:46,/api/search,200,112.2
2026-07-06T14:16:33,/docs,200,66.0
2026-07-06T14:18:48,/api/checkout,200,138.2
2026-07-06T14:20:59,/api/checkout,200,1877.9
2026-07-06T14:24:20,/,200,408.4
2026-07-06T14:33:04,/docs,200,35.2
2026-07-06T14:37:25,/api/checkout,200,162.4
2026-07-06T14:40:11,/pricing,200,18.4
2026-07-06T14:59:25,/api/checkout,200,226.8
2026-07-06T15:00:16,/,200,51.4
2026-07-06T15:06:22,/api/export,200,1020.5
2026-07-06T15:09:07,/,401,8.6
2026-07-06T15:12:27,/,200,28.4
2026-07-06T15:22:23,/pricing,200,50.3
2026-07-06T15:26:30,/api/checkout,200,272.2
2026-07-06T15:44:23,/pricing,200,67.5
2026-07-06T15:45:30,/api/search,200,369.2
2026-07-06T15:53:48,/pricing,200,74.7
2026-07-06T16:00:34,/,200,22.5
2026-07-06T16:02:03,/pricing,200,37.7
2026-07-06T16:28:41,/api/checkout,200,364.8
2026-07-06T16:31:41,/api/search,200,231.7
2026-07-06T16:33:31,/pricing,200,28.7
2026-07-06T16:41:48,/,200,41.6
2026-07-06T16:50:24,/api/checkout,200,752.5
2026-07-06T17:26:30,/api/search,200,311.5
2026-07-06T17:30:16,/api/search,200,486.9
2026-07-06T17:34:45,/pricing,200,40.2
2026-07-06T17:36:25,/api/search,200,93.0
2026-07-06T17:37:21,/api/checkout,200,212.6
2026-07-06T17:49:21,/docs,200,53.6
2026-07-06T18:05:12,/,200,27.4
2026-07-06T18:18:17,/pricing,200,51.3
2026-07-06T18:22:55,/api/search,200,307.2
2026-07-06T18:42:46,/api/search,200,224.3
2026-07-06T18:46:59,/api/checkout,200,256.4
2026-07-06T18:53:50,/api/search,200,193.8
2026-07-06T19:00:34,/api/checkout,200,82.0
2026-07-06T19:21:04,/,200,23.0
2026-07-06T20:03:22,/,200,57.0
2026-07-06T20:24:39,/docs,200,41.3
2026-07-06T20:39:47,/,200,56.8
2026-07-06T21:46:15,/docs,200,55.6
2026-07-07T05:52:02,/api/export,200,581.5
2026-07-07T06:04:29,/,200,30.1
2026-07-07T06:48:21,/api/checkout,200,370.1
2026-07-07T07:36:05,/docs,200,96.9
2026-07-07T07:40:39,/,200,42.7
2026-07-07T07:52:53,/,200,30.7
2026-07-07T08:46:59,/docs,200,86.0
2026-07-07T09:01:33,/,200,45.9
2026-07-07T09:12:07,/,200,27.0
2026-07-07T09:41:56,/api/search,200,102.8
2026-07-07T09:42:02,/,200,33.4
2026-07-07T09:51:10,/docs,200,80.5
2026-07-07T09:52:21,/docs,200,31.8
2026-07-07T10:22:08,/api/search,200,65.9
2026-07-07T10:35:02,/api/search,200,189.3
2026-07-07T11:09:16,/pricing,200,36.3
2026-07-07T11:14:21,/,200,55.7
2026-07-07T11:26:52,/api/search,200,120.0
2026-07-07T11:38:44,/api/checkout,200,364.6
2026-07-07T11:50:57,/docs,200,78.1
2026-07-07T11:59:50,/,200,35.7
2026-07-07T12:00:05,/api/search,200,184.1
2026-07-07T12:25:23,/api/export,200,194.8
2026-07-07T12:29:21,/docs,200,76.9
2026-07-07T12:29:26,/docs,200,20.5
2026-07-07T12:41:41,/docs,200,118.6
2026-07-07T12:45:55,/api/checkout,200,263.2
2026-07-07T12:49:12,/docs,200,65.8
2026-07-07T12:57:29,/pricing,200,35.8
2026-07-07T13:19:14,/,200,48.3
2026-07-07T13:26:55,/api/search,200,162.8
2026-07-07T13:43:27,/,200,34.5
2026-07-07T13:50:50,/docs,200,47.9
2026-07-07T13:56:40,/,200,27.3
2026-07-07T14:06:33,/,200,71.3
2026-07-07T14:07:12,/api/search,200,174.8
2026-07-07T14:14:30,/api/export,200,442.7
2026-07-07T14:23:02,/api/export,200,2161.1
2026-07-07T14:28:43,/,200,40.7
2026-07-07T14:40:05,/pricing,200,22.4
2026-07-07T14:49:17,/api/export,200,692.5
2026-07-07T14:57:17,/api/search,200,228.6
2026-07-07T15:14:31,/api/search,200,118.7
2026-07-07T15:22:30,/,200,47.4
2026-07-07T15:23:26,/docs,200,44.4
2026-07-07T15:36:01,/,200,134.0
2026-07-07T15:49:39,/pricing,200,57.1
2026-07-07T15:50:31,/api/export,200,902.7
2026-07-07T16:06:31,/api/search,200,171.0
2026-07-07T16:07:15,/,200,49.0
2026-07-07T16:28:37,/api/search,200,145.2
2026-07-07T16:38:06,/,200,77.2
2026-07-07T16:48:43,/,200,54.0
2026-07-07T17:04:00,/api/export,200,955.9
2026-07-07T17:30:49,/api/checkout,200,393.0
2026-07-07T17:37:26,/api/search,200,233.0
2026-07-07T17:37:59,/docs,200,299.8
2026-07-07T17:53:54,/,200,53.7
2026-07-07T18:25:22,/api/search,200,146.0
2026-07-07T18:39:21,/api/search,200,435.6
2026-07-07T18:57:08,/,200,66.8
2026-07-07T19:22:29,/api/search,200,192.6
2026-07-07T19:34:20,/docs,200,46.0
2026-07-07T19:36:12,/docs,200,59.2
2026-07-07T19:37:05,/pricing,200,15.3
2026-07-07T19:40:16,/,200,72.6
2026-07-07T19:40:22,/api/search,200,236.1
2026-07-07T19:47:07,/api/checkout,200,129.0
2026-07-07T19:50:13,/docs,200,24.6
2026-07-07T20:04:00,/,200,33.7
2026-07-07T22:34:09,/,200,64.0
2026-07-08T06:37:19,/api/search,200,163.4
2026-07-08T07:05:22,/,200,34.5
2026-07-08T07:13:57,/api/search,200,377.0
2026-07-08T07:18:34,/docs,200,38.3
2026-07-08T07:19:13,/api/checkout,200,308.8
2026-07-08T07:20:40,/,404,11.7
2026-07-08T08:10:19,/,200,41.0
2026-07-08T08:17:25,/,200,33.8
2026-07-08T08:41:02,/,200,86.8
2026-07-08T08:54:36,/api/search,200,200.4
2026-07-08T09:50:49,/api/search,200,152.5
2026-07-08T10:02:04,/docs,200,34.0
2026-07-08T10:03:05,/docs,200,142.3
2026-07-08T10:03:30,/pricing,200,77.5
2026-07-08T10:17:46,/api/search,200,265.6
2026-07-08T10:18:24,/pricing,200,34.7
2026-07-08T10:29:13,/pricing,200,33.0
2026-07-08T10:47:05,/api/checkout,200,201.7
2026-07-08T11:11:05,/api/export,200,551.7
2026-07-08T11:16:39,/api/checkout,200,260.4
2026-07-08T11:16:52,/,200,44.5
2026-07-08T11:20:42,/docs,200,34.0
2026-07-08T11:22:41,/api/checkout,200,214.5
2026-07-08T11:32:02,/docs,200,119.7
2026-07-08T11:35:35,/docs,200,23.9
2026-07-08T12:06:46,/api/export,200,752.5
2026-07-08T12:10:22,/,200,229.6
2026-07-08T12:13:16,/api/export,200,1144.8
2026-07-08T12:24:39,/api/search,200,189.7
2026-07-08T12:32:55,/api/search,200,197.7
2026-07-08T12:33:56,/api/checkout,200,293.6
2026-07-08T12:54:06,/api/export,200,606.1
2026-07-08T13:09:38,/api/search,200,140.7
2026-07-08T13:34:12,/,404,9.7
2026-07-08T13:39:36,/docs,200,65.1
2026-07-08T13:41:53,/api/export,200,773.4
2026-07-08T13:49:43,/api/checkout,401,58.6
2026-07-08T13:49:50,/,200,38.6
2026-07-08T14:03:26,/api/search,200,284.4
2026-07-08T14:03:44,/docs,200,22.3
2026-07-08T14:12:58,/pricing,200,42.1
2026-07-08T14:13:25,/api/checkout,200,249.8
2026-07-08T14:17:38,/,200,48.1
2026-07-08T14:22:44,/api/search,200,296.4
2026-07-08T14:37:51,/docs,200,72.6
2026-07-08T14:39:24,/,200,41.2
2026-07-08T14:41:52,/,200,146.6
2026-07-08T14:42:23,/docs,200,206.5
2026-07-08T14:45:09,/api/checkout,200,338.8
2026-07-08T14:49:02,/api/checkout,200,195.2
2026-07-08T15:39:27,/api/checkout,200,209.1
2026-07-08T15:45:55,/pricing,200,120.3
2026-07-08T16:05:13,/,200,75.5
2026-07-08T16:11:50,/,200,45.3
2026-07-08T16:12:17,/api/search,200,145.2
2026-07-08T16:20:21,/docs,200,77.9
2026-07-08T16:29:23,/pricing,200,54.2
2026-07-08T16:32:11,/docs,200,68.6
2026-07-08T16:36:16,/api/search,401,64.3
2026-07-08T16:38:37,/api/checkout,200,337.5
2026-07-08T16:39:08,/pricing,200,52.9
2026-07-08T17:06:10,/docs,200,47.4
2026-07-08T17:31:17,/api/search,200,102.1
2026-07-08T18:07:56,/pricing,200,40.2
2026-07-08T18:25:11,/docs,401,14.8
2026-07-08T19:57:29,/api/checkout,200,169.4
2026-07-08T20:23:03,/api/search,200,284.8
2026-07-08T20:34:11,/,200,31.4
2026-07-08T20:49:38,/,200,34.9
2026-07-08T21:25:40,/docs,200,103.7
2026-07-08T21:49:55,/api/export,200,244.6
2026-07-08T21:52:24,/api/search,200,235.4
2026-07-09T05:07:06,/,200,51.5
2026-07-09T07:56:20,/api/checkout,200,129.8
2026-07-09T08:02:47,/api/search,200,170.5
2026-07-09T08:29:22,/docs,200,91.2
2026-07-09T09:40:28,/api/export,200,179.8
2026-07-09T09:50:51,/,200,40.9
2026-07-09T10:13:12,/docs,200,34.4
2026-07-09T10:52:33,/api/search,200,183.8
2026-07-09T10:59:08,/api/search,200,161.9
2026-07-09T11:13:24,/api/checkout,200,238.7
2026-07-09T11:20:08,/docs,500,29.5
2026-07-09T11:42:47,/api/search,200,236.0
2026-07-09T11:49:15,/,200,33.7
2026-07-09T12:13:39,/,200,50.8
2026-07-09T12:26:07,/api/search,200,129.4
2026-07-09T12:49:03,/docs,200,67.1
2026-07-09T12:50:58,/,200,32.0
2026-07-09T12:53:01,/docs,200,31.2
2026-07-09T12:57:15,/,200,19.2
2026-07-09T13:00:09,/api/search,200,134.0
2026-07-09T13:05:08,/api/search,200,120.1
2026-07-09T13:06:36,/docs,200,16.6
2026-07-09T13:15:48,/pricing,200,42.6
2026-07-09T13:17:00,/api/search,200,258.4
2026-07-09T13:22:53,/api/search,200,115.9
2026-07-09T13:34:31,/,200,31.6
2026-07-09T13:39:51,/docs,200,69.3
2026-07-09T13:44:50,/pricing,200,55.9
2026-07-09T14:03:23,/,200,53.2
2026-07-09T14:30:16,/docs,200,91.2
2026-07-09T14:31:28,/docs,200,80.8
2026-07-09T14:32:08,/api/search,200,166.9
2026-07-09T14:52:04,/api/search,200,195.7
2026-07-09T14:52:40,/api/export,200,1147.4
2026-07-09T15:00:10,/,200,15.4
2026-07-09T15:05:11,/,200,21.3
2026-07-09T15:14:12,/api/checkout,200,399.5
2026-07-09T15:20:00,/pricing,200,55.2
2026-07-09T15:24:17,/api/search,200,899.6
2026-07-09T15:24:19,/,200,38.2
2026-07-09T15:29:41,/api/export,200,864.8
2026-07-09T15:46:56,/docs,200,54.1
2026-07-09T15:47:24,/api/search,200,103.4
2026-07-09T15:54:06,/docs,200,57.6
2026-07-09T15:58:54,/docs,200,111.0
2026-07-09T16:05:23,/docs,503,13.5
2026-07-09T16:09:46,/docs,200,27.4
2026-07-09T16:22:30,/,200,23.5
2026-07-09T16:23:36,/,200,38.9
2026-07-09T16:32:57,/api/export,200,365.2
2026-07-09T16:33:24,/docs,200,37.5
2026-07-09T16:42:22,/,200,32.0
2026-07-09T16:49:11,/docs,200,32.4
2026-07-09T16:50:38,/docs,200,394.7
2026-07-09T16:53:49,/,200,34.8
2026-07-09T17:04:09,/docs,200,55.4
2026-07-09T17:18:50,/api/export,200,597.5
2026-07-09T17:19:59,/,200,53.2
2026-07-09T17:23:13,/,200,39.0
2026-07-09T17:27:56,/,200,38.6
2026-07-09T17:34:50,/docs,200,22.5
2026-07-09T17:37:26,/api/export,200,521.9
2026-07-09T17:45:50,/api/search,200,86.1
2026-07-09T18:03:26,/api/checkout,500,274.8
2026-07-09T18:08:31,/,200,30.5
2026-07-09T18:30:44,/docs,200,35.8
2026-07-09T19:27:17,/,200,31.8
2026-07-09T19:56:54,/docs,200,30.6
2026-07-09T20:19:49,/,200,45.1
2026-07-09T20:26:55,/pricing,200,32.5
2026-07-09T20:54:16,/api/checkout,200,426.4
2026-07-09T21:40:38,/,200,20.2
2026-07-09T21:45:28,/,200,61.0
2026-07-09T22:45:33,/api/checkout,200,128.1
2026-07-10T04:45:17,/,200,30.7
2026-07-10T04:52:47,/docs,200,43.6
2026-07-10T05:18:09,/pricing,200,50.6
2026-07-10T07:07:13,/pricing,200,25.2
2026-07-10T08:36:23,/,200,45.1
2026-07-10T08:41:50,/,200,30.7
2026-07-10T08:47:10,/api/checkout,200,265.2
2026-07-10T09:10:38,/pricing,200,63.5
2026-07-10T09:11:25,/,500,7.9
2026-07-10T09:12:29,/api/search,200,285.7
2026-07-10T09:15:33,/,200,16.8
2026-07-10T09:23:07,/api/search,200,60.9
2026-07-10T09:38:06,/,200,14.9
2026-07-10T10:04:08,/docs,200,43.3
2026-07-10T10:15:31,/api/export,200,983.0
2026-07-10T10:22:36,/api/checkout,200,317.8
2026-07-10T10:29:08,/api/search,200,84.4
2026-07-10T10:31:50,/pricing,200,76.4
2026-07-10T10:38:43,/,200,24.1
2026-07-10T11:07:44,/api/export,200,627.3
2026-07-10T11:14:14,/,200,46.3
2026-07-10T11:15:02,/api/search,200,264.7
2026-07-10T11:15:05,/api/search,200,237.3
2026-07-10T12:07:06,/,200,70.1
2026-07-10T12:08:06,/api/search,200,215.9
2026-07-10T12:16:31,/api/export,200,615.7
2026-07-10T12:34:45,/,200,35.7
2026-07-10T12:44:21,/,200,30.6
2026-07-10T12:52:04,/docs,200,55.0
2026-07-10T12:55:00,/,200,35.7
2026-07-10T13:15:44,/api/search,200,506.4
2026-07-10T13:16:49,/api/checkout,200,233.6
2026-07-10T13:25:32,/docs,200,38.8
2026-07-10T13:30:11,/pricing,200,94.2
2026-07-10T13:41:11,/docs,200,30.0
2026-07-10T13:42:12,/,200,31.1
2026-07-10T14:05:14,/api/checkout,200,668.1
2026-07-10T14:08:41,/,200,47.1
2026-07-10T14:11:40,/api/search,200,496.2
2026-07-10T14:14:03,/,200,55.3
2026-07-10T14:19:36,/docs,200,43.2
2026-07-10T14:23:23,/api/checkout,200,345.7
2026-07-10T14:27:13,/api/search,200,80.3
2026-07-10T14:39:31,/api/checkout,200,283.8
2026-07-10T15:25:11,/api/checkout,200,272.0
2026-07-10T15:28:29,/api/search,200,241.9
2026-07-10T15:30:27,/,200,44.8
2026-07-10T15:34:02,/api/search,401,34.1
2026-07-10T15:37:24,/docs,200,161.0
2026-07-10T16:01:51,/docs,500,14.8
2026-07-10T16:05:35,/api/search,200,233.6
2026-07-10T16:15:02,/api/search,200,127.6
2026-07-10T16:19:12,/docs,200,88.6
2026-07-10T16:27:46,/api/export,200,441.8
2026-07-10T16:31:18,/docs,200,42.1
2026-07-10T16:36:53,/docs,200,115.5
2026-07-10T16:38:11,/api/checkout,200,172.0
2026-07-10T16:45:17,/api/search,200,110.7
2026-07-10T16:48:49,/,200,51.9
2026-07-10T16:59:40,/api/checkout,200,72.7
2026-07-10T17:13:35,/api/export,200,686.8
2026-07-10T17:16:13,/,200,78.6
2026-07-10T17:40:29,/pricing,200,32.9
2026-07-10T17:41:19,/api/export,200,485.8
2026-07-10T17:42:11,/docs,200,29.3
2026-07-10T17:53:06,/pricing,200,40.9
2026-07-10T18:15:41,/,200,59.7
2026-07-10T19:06:49,/,200,30.3
2026-07-10T19:15:13,/docs,200,45.5
2026-07-10T19:31:35,/api/search,200,242.6
2026-07-10T19:51:03,/pricing,200,63.8
2026-07-10T20:33:23,/api/export,200,810.6
2026-07-10T20:35:14,/api/export,200,664.5
2026-07-10T21:53:25,/docs,200,28.6
2026-07-10T23:07:40,/pricing,200,49.3
2026-07-11T03:14:13,/,200,34.1
2026-07-11T09:02:26,/,200,53.3
2026-07-11T09:03:41,/,200,27.7
2026-07-11T10:26:56,/api/checkout,200,1426.1
2026-07-11T10:40:54,/,200,40.5
2026-07-11T11:31:14,/docs,200,56.3
2026-07-11T11:42:31,/api/search,200,295.8
2026-07-11T11:54:33,/docs,200,93.8
2026-07-11T12:06:08,/docs,200,35.9
2026-07-11T12:18:53,/docs,200,90.4
2026-07-11T12:25:24,/,200,39.3
2026-07-11T12:32:12,/api/checkout,200,168.9
2026-07-11T12:49:53,/api/export,200,219.5
2026-07-11T12:54:29,/api/search,200,123.2
2026-07-11T13:04:26,/api/checkout,200,244.0
2026-07-11T13:17:26,/docs,200,32.2
2026-07-11T13:18:22,/docs,200,63.8
2026-07-11T13:19:07,/pricing,200,40.7
2026-07-11T13:42:56,/api/search,404,52.8
2026-07-11T14:04:35,/,200,19.6
2026-07-11T14:16:59,/api/search,200,1607.0
2026-07-11T15:06:53,/api/search,200,130.5
2026-07-11T15:12:19,/api/export,200,473.2
2026-07-11T15:12:23,/api/search,200,173.7
2026-07-11T15:16:08,/,200,21.1
2026-07-11T15:24:39,/,200,11.5
2026-07-11T16:40:00,/,200,36.3
2026-07-11T16:44:59,/api/export,200,363.0
2026-07-11T17:13:29,/docs,200,92.7
2026-07-11T17:17:38,/docs,200,32.2
2026-07-11T17:19:26,/api/export,200,550.9
2026-07-11T18:16:29,/,200,31.9
2026-07-11T18:44:54,/api/search,200,148.6
2026-07-11T18:55:22,/api/search,200,286.9
2026-07-11T20:34:39,/api/search,200,205.2
2026-07-11T21:46:35,/docs,200,65.8
2026-07-11T23:49:39,/,200,32.7
2026-07-12T08:34:11,/api/checkout,200,158.3
2026-07-12T08:59:22,/,200,55.0
2026-07-12T09:27:47,/docs,200,28.1
2026-07-12T09:48:33,/pricing,200,26.5
2026-07-12T10:03:27,/docs,200,81.5
2026-07-12T10:45:30,/api/search,200,271.2
2026-07-12T10:51:39,/,200,65.1
2026-07-12T10:54:56,/docs,200,37.7
2026-07-12T10:56:54,/,200,125.4
2026-07-12T11:03:24,/pricing,200,43.3
2026-07-12T11:08:17,/api/search,200,445.1
2026-07-12T11:09:30,/,200,47.9
2026-07-12T11:18:02,/,200,74.3
2026-07-12T11:51:44,/docs,200,32.1
2026-07-12T13:15:34,/docs,401,61.6
2026-07-12T13:41:04,/,200,248.0
2026-07-12T14:04:47,/api/export,200,536.0
2026-07-12T14:28:16,/api/search,200,246.4
2026-07-12T14:51:08,/docs,200,47.9
2026-07-12T15:25:04,/pricing,200,48.4
2026-07-12T15:25:11,/,200,16.2
2026-07-12T15:26:37,/docs,200,45.0
2026-07-12T15:28:36,/api/search,200,293.9
2026-07-12T15:42:25,/pricing,200,38.3
2026-07-12T15:56:05,/api/export,200,297.3
2026-07-12T15:56:20,/pricing,200,52.1
2026-07-12T15:56:50,/pricing,200,37.4
2026-07-12T16:51:50,/api/search,200,82.7
2026-07-12T16:53:02,/pricing,200,21.9
2026-07-12T17:16:04,/docs,200,76.1
2026-07-12T17:32:12,/,200,29.4
2026-07-12T18:29:44,/,200,29.1
2026-07-12T18:38:38,/api/checkout,200,287.8
2026-07-12T18:50:16,/docs,200,79.1
2026-07-12T19:25:11,/pricing,200,115.7
2026-07-12T20:17:50,/api/checkout,200,207.9
2026-07-12T22:06:16,/api/search,200,163.5
2026-07-12T23:36:01,/,200,102.9
2026-07-13T04:37:03,/pricing,200,39.1
2026-07-13T05:04:16,/pricing,200,44.7
2026-07-13T05:16:44,/api/export,404,82.4
2026-07-13T05:21:07,/api/export,200,297.0
2026-07-13T06:13:36,/api/checkout,200,294.8
2026-07-13T06:43:07,/pricing,200,66.7
2026-07-13T07:41:10,/,200,92.9
2026-07-13T07:43:57,/pricing,200,83.0
2026-07-13T07:45:25,/,200,59.3
2026-07-13T08:33:33,/,200,44.6
2026-07-13T09:10:12,/api/checkout,200,387.4
2026-07-13T09:17:39,/,200,66.5
2026-07-13T09:24:27,/api/checkout,200,289.7
2026-07-13T09:30:04,/api/export,200,557.9
2026-07-13T09:53:11,/docs,200,49.4
2026-07-13T09:55:52,/,200,76.3
2026-07-13T10:06:25,/,200,36.1
2026-07-13T10:08:33,/,200,44.7
2026-07-13T10:11:04,/,200,23.5
2026-07-13T10:11:40,/,200,28.5
2026-07-13T10:16:09,/api/checkout,200,276.0
2026-07-13T10:50:25,/,200,22.8
2026-07-13T10:56:59,/api/search,200,131.9
2026-07-13T11:08:13,/,200,19.7
2026-07-13T11:10:08,/api/checkout,200,334.6
2026-07-13T11:13:33,/,200,46.9
2026-07-13T11:16:50,/api/checkout,200,177.9
2026-07-13T11:16:59,/api/checkout,200,451.2
2026-07-13T11:34:39,/api/search,200,102.4
2026-07-13T11:34:49,/api/search,200,304.2
2026-07-13T11:45:14,/,200,35.4
2026-07-13T12:04:20,/docs,200,77.3
2026-07-13T12:08:19,/api/export,200,503.5
2026-07-13T12:12:12,/api/search,200,85.0
2026-07-13T12:24:44,/,200,64.3
2026-07-13T12:27:37,/api/checkout,200,330.9
2026-07-13T12:54:50,/,200,19.1
2026-07-13T13:27:57,/api/checkout,200,230.1
2026-07-13T13:36:29,/api/checkout,200,173.7
2026-07-13T13:39:08,/,200,40.4
2026-07-13T13:39:41,/,200,42.8
2026-07-13T13:46:55,/,200,30.2
2026-07-13T13:56:04,/pricing,200,44.9
2026-07-13T14:48:45,/api/search,200,349.4
2026-07-13T15:08:24,/docs,200,85.0
2026-07-13T15:23:37,/api/search,200,112.5
2026-07-13T15:28:42,/api/checkout,200,96.5
2026-07-13T15:48:11,/,200,72.1
2026-07-13T15:53:12,/,200,88.4
2026-07-13T15:58:53,/docs,200,27.6
2026-07-13T16:33:00,/docs,200,102.8
2026-07-13T16:35:54,/,200,29.3
2026-07-13T16:37:00,/api/checkout,200,435.9
2026-07-13T16:40:55,/,200,30.8
2026-07-13T16:46:27,/api/search,200,184.4
2026-07-13T16:59:02,/,200,52.7
2026-07-13T17:00:44,/docs,200,127.2
2026-07-13T17:03:30,/docs,200,17.4
2026-07-13T17:12:26,/api/search,200,280.7
2026-07-13T17:19:10,/pricing,200,46.8
2026-07-13T17:22:17,/docs,200,57.4
2026-07-13T17:52:41,/,200,43.7
2026-07-13T18:16:00,/docs,200,48.9
2026-07-13T18:26:52,/api/search,200,324.3
2026-07-13T18:32:20,/,200,51.8
2026-07-13T18:33:57,/docs,200,105.9
2026-07-13T18:43:06,/docs,200,76.1
2026-07-13T19:19:09,/api/search,200,141.7
2026-07-13T19:41:25,/pricing,404,19.0
2026-07-13T19:49:53,/docs,200,40.0
2026-07-13T19:56:56,/api/search,200,249.7
2026-07-13T20:12:54,/pricing,200,47.5
2026-07-13T20:19:44,/api/checkout,200,281.8
2026-07-13T20:26:13,/docs,200,45.1
2026-07-13T20:38:50,/api/checkout,200,137.6
2026-07-13T20:42:19,/,200,18.8
2026-07-13T21:10:55,/docs,200,69.2
2026-07-13T22:05:11,/api/search,200,326.1
2026-07-13T22:51:47,/,200,58.4
2026-07-14T04:21:38,/,200,52.5
2026-07-14T05:55:51,/docs,200,64.5
2026-07-14T06:21:33,/,200,40.1
2026-07-14T06:37:48,/docs,200,79.2
2026-07-14T07:07:45,/,200,49.5
2026-07-14T07:16:44,/docs,200,85.9
2026-07-14T07:24:46,/docs,200,29.7
2026-07-14T07:26:28,/api/export,200,1284.1
2026-07-14T08:24:39,/docs,200,69.2
2026-07-14T08:35:58,/,200,60.2
2026-07-14T08:49:55,/,200,46.1
2026-07-14T09:08:45,/pricing,200,51.5
2026-07-14T09:11:09,/,200,47.3
2026-07-14T09:18:01,/pricing,200,67.3
2026-07-14T09:26:31,/api/checkout,200,182.2
2026-07-14T09:29:26,/api/checkout,200,239.8
2026-07-14T10:04:11,/docs,200,67.1
2026-07-14T10:12:33,/docs,200,47.3
2026-07-14T10:27:20,/api/search,200,83.9
2026-07-14T10:46:33,/,200,67.1
2026-07-14T10:57:05,/api/search,200,173.3
2026-07-14T11:03:08,/api/search,200,135.3
2026-07-14T11:06:05,/api/checkout,200,109.4
2026-07-14T11:10:31,/docs,200,83.9
2026-07-14T11:18:29,/api/search,200,107.5
2026-07-14T11:26:40,/docs,200,55.7
2026-07-14T11:29:44,/docs,200,63.7
2026-07-14T11:44:06,/,200,49.7
2026-07-14T12:07:30,/pricing,200,39.7
2026-07-14T12:12:51,/docs,200,84.3
2026-07-14T12:17:26,/pricing,200,40.7
2026-07-14T12:26:36,/docs,200,100.0
2026-07-14T12:30:47,/,200,31.6
2026-07-14T12:30:51,/api/export,200,239.4
2026-07-14T12:56:19,/api/checkout,200,198.7
2026-07-14T13:05:46,/api/checkout,200,285.0
2026-07-14T13:08:51,/,200,22.6
2026-07-14T13:16:01,/api/search,200,213.3
2026-07-14T13:30:11,/api/checkout,200,358.0
2026-07-14T13:37:45,/docs,200,57.5
2026-07-14T13:43:42,/,200,43.4
2026-07-14T13:46:02,/api/search,200,231.7
2026-07-14T13:50:27,/api/search,200,151.3
2026-07-14T13:50:30,/docs,200,64.0
2026-07-14T13:55:50,/,200,49.5
2026-07-14T14:12:35,/api/search,200,185.5
2026-07-14T14:16:39,/api/checkout,200,618.0
2026-07-14T14:25:51,/api/export,200,337.6
2026-07-14T14:30:37,/api/export,200,456.0
2026-07-14T14:38:16,/pricing,200,34.6
2026-07-14T14:43:55,/docs,200,49.1
2026-07-14T14:44:32,/docs,200,86.9
2026-07-14T14:46:27,/api/search,200,157.8
2026-07-14T15:04:34,/,200,40.7
2026-07-14T15:15:30,/api/search,200,162.1
2026-07-14T15:16:11,/api/search,200,278.4
2026-07-14T15:28:56,/api/search,200,99.3
2026-07-14T15:30:14,/,200,63.4
2026-07-14T15:37:12,/pricing,200,52.6
2026-07-14T15:41:25,/docs,200,112.4
2026-07-14T15:46:45,/api/checkout,200,307.8
2026-07-14T15:52:51,/docs,200,54.8
2026-07-14T15:53:35,/,200,56.2
2026-07-14T16:32:35,/api/search,200,209.7
2026-07-14T16:38:48,/api/search,200,417.1
2026-07-14T16:46:59,/api/search,200,376.0
2026-07-14T16:57:42,/api/checkout,200,165.0
2026-07-14T17:24:03,/api/checkout,200,276.4
2026-07-14T17:27:25,/,200,36.0
2026-07-14T17:42:00,/api/search,200,118.4
2026-07-14T17:51:48,/api/checkout,200,284.3
2026-07-14T18:24:03,/,200,51.3
2026-07-14T18:26:26,/pricing,200,31.5
2026-07-14T18:47:25,/api/search,200,152.8
2026-07-14T18:54:37,/,200,29.5
2026-07-14T19:23:37,/api/checkout,200,127.3
2026-07-14T19:40:20,/,200,47.9
2026-07-14T19:43:00,/api/checkout,200,1036.6
2026-07-14T20:06:42,/docs,200,70.8
2026-07-14T21:07:58,/docs,200,35.5
2026-07-14T23:43:27,/api/search,200,459.2
2026-07-15T06:16:11,/api/search,200,258.3
2026-07-15T06:17:20,/docs,200,50.4
2026-07-15T06:38:14,/,200,19.9
2026-07-15T07:08:51,/docs,200,55.9
2026-07-15T07:15:35,/docs,200,28.2
2026-07-15T07:22:42,/docs,200,53.9
2026-07-15T07:32:12,/api/export,200,460.8
2026-07-15T07:40:39,/docs,200,29.9
2026-07-15T07:51:30,/api/checkout,200,380.9
2026-07-15T07:52:27,/docs,200,84.8
2026-07-15T08:30:49,/docs,200,99.5
2026-07-15T08:37:14,/,200,32.9
2026-07-15T08:39:13,/,200,45.1
2026-07-15T08:48:15,/docs,200,53.5
2026-07-15T08:52:31,/,200,23.9
2026-07-15T08:53:03,/api/export,200,697.8
2026-07-15T09:39:13,/api/search,200,135.9
2026-07-15T09:56:04,/,200,17.1
2026-07-15T09:56:19,/,200,57.2
2026-07-15T10:13:04,/docs,200,46.5
2026-07-15T10:25:24,/api/checkout,200,176.0
2026-07-15T10:25:54,/api/search,200,231.8
2026-07-15T10:56:19,/pricing,200,40.1
2026-07-15T10:59:51,/api/checkout,200,262.3
2026-07-15T11:12:25,/,200,36.4
2026-07-15T11:28:11,/pricing,200,34.0
2026-07-15T11:28:19,/pricing,200,30.2
2026-07-15T11:38:24,/api/checkout,200,181.1
2026-07-15T11:41:58,/docs,200,49.0
2026-07-15T11:42:40,/api/export,200,488.2
2026-07-15T11:43:33,/pricing,404,12.1
2026-07-15T11:55:33,/,200,38.4
2026-07-15T12:07:02,/docs,200,23.2
2026-07-15T12:08:43,/api/checkout,200,437.2
2026-07-15T12:19:18,/api/checkout,502,113.6
2026-07-15T12:28:01,/api/export,200,407.8
2026-07-15T12:28:25,/api/search,200,192.8
2026-07-15T12:35:38,/api/search,200,218.0
2026-07-15T12:40:38,/api/export,200,717.3
2026-07-15T12:43:48,/docs,200,32.9
2026-07-15T12:50:54,/,200,30.7
2026-07-15T13:01:34,/api/checkout,200,223.0
2026-07-15T13:04:22,/docs,200,31.4
2026-07-15T13:05:15,/api/checkout,200,335.8
2026-07-15T13:11:30,/api/search,200,225.6
2026-07-15T13:21:24,/pricing,200,52.6
2026-07-15T13:25:32,/docs,200,114.1
2026-07-15T13:31:20,/api/search,200,296.3
2026-07-15T13:31:50,/api/search,200,143.1
2026-07-15T13:37:56,/docs,200,306.3
2026-07-15T13:38:35,/,200,70.7
2026-07-15T14:05:12,/docs,200,63.0
2026-07-15T14:07:13,/api/search,200,265.3
2026-07-15T14:08:58,/api/export,200,1543.8
2026-07-15T14:18:38,/,200,33.6
2026-07-15T14:29:59,/api/search,200,106.9
2026-07-15T14:30:09,/docs,200,78.2
2026-07-15T14:37:20,/api/search,200,1353.8
2026-07-15T14:50:17,/pricing,200,32.4
2026-07-15T14:53:42,/api/checkout,200,187.9
2026-07-15T14:57:23,/pricing,200,50.9
2026-07-15T15:09:15,/,200,30.0
2026-07-15T15:15:25,/docs,200,49.1
2026-07-15T15:17:53,/docs,200,80.2
2026-07-15T15:29:18,/,200,62.8
2026-07-15T15:30:15,/api/checkout,200,154.2
2026-07-15T15:48:56,/,200,80.1
2026-07-15T15:54:50,/api/search,200,300.9
2026-07-15T15:55:34,/,200,46.6
2026-07-15T16:10:59,/,200,32.0
2026-07-15T16:33:15,/api/search,200,248.8
2026-07-15T17:06:55,/,200,54.9
2026-07-15T17:29:51,/pricing,200,75.0
2026-07-15T17:44:02,/docs,200,47.3
2026-07-15T18:47:28,/docs,200,31.9
2026-07-15T18:48:15,/pricing,200,36.6
2026-07-15T19:52:11,/api/checkout,200,353.4
2026-07-15T20:50:19,/docs,200,48.6
2026-07-15T20:55:07,/docs,200,42.7
2026-07-15T20:57:29,/,200,24.2
2026-07-15T23:13:58,/api/search,200,341.2
2026-07-15T23:40:37,/api/search,200,196.1
2026-07-16T04:55:53,/docs,200,81.7
2026-07-16T05:01:02,/api/checkout,200,1501.3
2026-07-16T05:29:25,/,200,42.2
2026-07-16T06:03:41,/docs,200,203.4
2026-07-16T06:45:55,/,200,46.6
2026-07-16T08:00:40,/api/export,200,690.3
2026-07-16T08:21:08,/api/export,200,348.8
2026-07-16T09:09:52,/,500,17.9
2026-07-16T09:35:14,/api/export,200,562.6
2026-07-16T09:51:38,/api/export,200,287.8
2026-07-16T10:00:29,/docs,200,62.2
2026-07-16T10:07:47,/api/export,500,258.0
2026-07-16T10:25:38,/docs,200,78.1
2026-07-16T10:28:34,/api/search,200,150.0
2026-07-16T10:31:48,/api/checkout,200,601.0
2026-07-16T10:33:30,/api/search,200,336.8
2026-07-16T10:36:00,/docs,200,65.8
2026-07-16T10:41:17,/api/export,200,1166.5
2026-07-16T11:03:11,/docs,200,28.3
2026-07-16T11:20:45,/docs,200,70.5
2026-07-16T11:35:36,/,200,30.3
2026-07-16T11:54:05,/docs,200,85.8
2026-07-16T12:10:18,/,200,25.4
2026-07-16T12:17:51,/api/checkout,200,387.6
2026-07-16T12:27:14,/docs,200,40.9
2026-07-16T12:28:53,/api/search,200,297.4
2026-07-16T12:31:14,/docs,200,45.1
2026-07-16T12:32:48,/api/checkout,200,213.1
2026-07-16T12:33:35,/docs,200,32.5
2026-07-16T12:51:54,/api/export,200,253.1
2026-07-16T12:52:02,/,200,33.1
2026-07-16T12:54:23,/api/search,200,206.0
2026-07-16T13:10:00,/api/checkout,200,175.4
2026-07-16T13:13:44,/api/search,200,259.1
2026-07-16T13:15:44,/api/export,200,564.6
2026-07-16T13:17:31,/,200,33.4
2026-07-16T13:23:21,/api/export,200,404.3
2026-07-16T13:28:57,/,200,26.6
2026-07-16T13:53:19,/api/search,200,206.5
2026-07-16T13:56:12,/api/search,200,388.3
2026-07-16T13:58:09,/,200,28.7
2026-07-16T14:08:29,/,200,28.0
2026-07-16T14:10:57,/,200,34.2
2026-07-16T14:15:48,/,200,34.5
2026-07-16T14:16:52,/pricing,200,34.4
2026-07-16T14:19:14,/api/search,200,68.9
2026-07-16T14:31:26,/,200,28.1
2026-07-16T14:47:04,/api/checkout,200,222.0
2026-07-16T14:47:43,/,200,77.1
2026-07-16T15:14:50,/,200,65.9
2026-07-16T15:21:51,/docs,200,131.1
2026-07-16T15:30:23,/,200,29.7
2026-07-16T15:33:34,/docs,200,21.9
2026-07-16T15:35:54,/api/export,200,465.1
2026-07-16T15:41:11,/api/search,200,395.3
2026-07-16T15:47:19,/api/search,200,296.3
2026-07-16T15:50:21,/docs,200,39.5
2026-07-16T16:04:13,/api/export,200,685.3
2026-07-16T16:08:12,/,200,55.5
2026-07-16T16:26:01,/,200,55.3
2026-07-16T16:40:49,/docs,200,87.6
2026-07-16T16:46:47,/,200,32.3
2026-07-16T16:49:08,/api/search,200,131.8
2026-07-16T17:14:53,/api/export,200,517.9
2026-07-16T17:20:57,/docs,502,12.1
2026-07-16T17:26:54,/docs,200,83.4
2026-07-16T17:41:09,/,200,31.5
2026-07-16T17:48:59,/pricing,200,148.4
2026-07-16T17:54:21,/api/search,200,65.1
2026-07-16T17:55:57,/,200,38.2
2026-07-16T18:02:27,/docs,200,44.0
2026-07-16T18:34:48,/api/export,200,1021.6
2026-07-16T18:39:15,/api/search,200,64.7
2026-07-16T18:49:49,/api/checkout,200,253.3
2026-07-16T18:51:16,/pricing,200,31.7
2026-07-16T19:01:36,/docs,200,50.9
2026-07-16T19:15:54,/api/checkout,200,332.0
2026-07-16T19:23:24,/docs,200,332.2
2026-07-16T20:31:33,/,200,78.2
2026-07-16T20:53:25,/api/search,200,78.6
2026-07-16T21:18:34,/api/checkout,200,251.4
2026-07-16T21:18:42,/pricing,200,52.7
2026-07-16T22:10:26,/docs,200,65.2
2026-07-16T23:06:33,/,200,57.3
2026-07-17T04:18:39,/api/export,200,1089.3
2026-07-17T05:53:16,/api/search,200,117.1
2026-07-17T06:40:43,/docs,200,65.2
2026-07-17T07:32:36,/pricing,200,48.9
2026-07-17T07:45:03,/docs,200,42.1
2026-07-17T08:07:37,/api/export,200,624.7
2026-07-17T08:14:37,/api/export,200,359.0
2026-07-17T08:27:54,/,200,41.4
2026-07-17T08:29:16,/docs,200,38.4
2026-07-17T09:03:41,/api/search,200,196.8
2026-07-17T09:04:15,/,200,18.1
2026-07-17T09:21:11,/docs,200,21.5
2026-07-17T09:52:59,/pricing,200,45.1
2026-07-17T10:03:12,/api/export,200,231.3
2026-07-17T10:05:13,/api/search,200,108.1
2026-07-17T10:08:26,/docs,200,36.2
2026-07-17T10:14:38,/api/search,200,116.4
2026-07-17T10:24:10,/pricing,200,25.1
2026-07-17T10:32:29,/,200,74.9
2026-07-17T10:38:30,/docs,200,68.0
2026-07-17T11:08:17,/api/search,200,101.4
2026-07-17T11:11:18,/,200,33.7
2026-07-17T11:28:48,/docs,200,128.4
2026-07-17T11:43:21,/docs,200,41.4
2026-07-17T11:43:46,/api/checkout,200,201.9
2026-07-17T11:57:32,/,200,34.4
2026-07-17T11:59:19,/pricing,200,32.3
2026-07-17T12:24:26,/api/checkout,200,329.0
2026-07-17T12:24:52,/,200,31.6
2026-07-17T12:28:07,/api/search,200,597.0
2026-07-17T12:31:23,/docs,200,13.0
2026-07-17T12:39:57,/pricing,200,70.1
2026-07-17T13:01:04,/api/search,200,64.0
2026-07-17T13:10:21,/,200,24.4
2026-07-17T13:13:42,/,200,30.9
2026-07-17T13:53:32,/,200,51.5
2026-07-17T13:59:49,/api/search,200,192.8
2026-07-17T14:08:29,/,200,153.4
2026-07-17T14:09:19,/api/export,200,723.6
2026-07-17T14:40:37,/api/search,200,113.9
2026-07-17T14:41:38,/docs,200,64.1
2026-07-17T14:47:09,/,200,63.8
2026-07-17T14:51:19,/pricing,200,56.1
2026-07-17T14:52:26,/api/search,200,182.3
2026-07-17T14:55:15,/api/search,200,1058.5
2026-07-17T15:07:08,/api/search,200,349.4
2026-07-17T15:07:54,/,200,104.8
2026-07-17T15:08:03,/,200,38.9
2026-07-17T15:22:42,/api/search,200,92.5
2026-07-17T15:22:43,/docs,200,43.7
2026-07-17T15:30:54,/docs,200,516.1
2026-07-17T15:41:53,/docs,200,47.8
2026-07-17T15:44:20,/api/search,200,122.7
2026-07-17T15:57:00,/,200,60.5
2026-07-17T15:58:57,/api/search,200,116.6
2026-07-17T16:11:30,/,200,46.9
2026-07-17T16:13:35,/api/checkout,200,239.0
2026-07-17T16:13:49,/pricing,200,47.0
2026-07-17T16:37:52,/api/search,200,217.3
2026-07-17T16:47:20,/api/export,200,621.0
2026-07-17T16:49:22,/api/export,200,602.4
2026-07-17T16:55:39,/docs,200,70.0
2026-07-17T17:13:05,/docs,200,72.6
2026-07-17T17:20:26,/api/checkout,200,235.0
2026-07-17T17:43:08,/pricing,200,35.3
2026-07-17T17:51:14,/,200,63.4
2026-07-17T17:52:14,/api/checkout,200,133.0
2026-07-17T18:21:10,/api/checkout,200,245.2
2026-07-17T18:21:11,/,200,34.4
2026-07-17T18:23:38,/,200,118.0
2026-07-17T18:30:55,/docs,200,92.9
2026-07-17T18:40:07,/api/search,200,183.3
2026-07-17T18:47:32,/docs,200,69.2
2026-07-17T19:02:27,/api/checkout,200,217.1
2026-07-17T19:04:34,/pricing,200,80.9
2026-07-17T19:09:20,/,200,147.0
2026-07-17T19:17:36,/api/search,200,263.1
2026-07-17T19:31:51,/,200,32.0
2026-07-17T19:52:26,/pricing,200,59.9
2026-07-17T20:37:06,/api/search,200,515.2
2026-07-17T21:00:40,/docs,200,37.0
2026-07-17T21:02:59,/api/checkout,200,475.9
2026-07-17T21:53:40,/,200,42.9
2026-07-17T22:23:30,/,200,33.9
2026-07-17T23:40:19,/docs,200,52.4
2026-07-18T03:11:43,/docs,200,86.4
2026-07-18T06:39:30,/pricing,200,28.2
2026-07-18T08:30:44,/,200,50.2
2026-07-18T09:16:28,/,200,27.9
2026-07-18T09:27:36,/,200,30.4
2026-07-18T09:57:05,/docs,200,43.4
2026-07-18T10:04:03,/api/search,200,313.5
2026-07-18T10:18:56,/,200,41.2
2026-07-18T10:29:05,/api/search,200,133.5
2026-07-18T10:42:31,/,200,40.4
2026-07-18T11:01:43,/pricing,200,200.4
2026-07-18T11:04:27,/api/checkout,200,126.6
2026-07-18T11:11:00,/docs,200,59.4
2026-07-18T11:12:25,/,200,43.9
2026-07-18T11:29:26,/docs,200,49.3
2026-07-18T11:43:02,/api/checkout,200,299.8
2026-07-18T11:57:31,/docs,200,103.6
2026-07-18T12:46:29,/,200,38.7
2026-07-18T12:59:27,/api/checkout,200,254.8
2026-07-18T13:03:14,/,200,28.4
2026-07-18T13:29:50,/pricing,200,43.4
2026-07-18T13:29:56,/,200,75.0
2026-07-18T13:36:11,/docs,200,66.5
2026-07-18T14:09:03,/docs,200,54.6
2026-07-18T14:19:36,/docs,200,26.1
2026-07-18T14:52:52,/pricing,200,49.1
2026-07-18T15:07:53,/api/search,404,101.6
2026-07-18T15:20:23,/,200,49.6
2026-07-18T15:51:07,/docs,200,36.7
2026-07-18T15:54:52,/pricing,502,13.6
2026-07-18T16:04:36,/,200,17.7
2026-07-18T16:07:05,/api/search,200,165.1
2026-07-18T16:11:35,/api/search,200,316.2
2026-07-18T16:11:52,/docs,200,24.2
2026-07-18T16:21:52,/,200,58.4
2026-07-18T17:18:55,/pricing,200,59.4
2026-07-18T17:50:13,/api/checkout,200,240.6
2026-07-18T17:53:04,/api/checkout,200,211.2
2026-07-18T18:00:15,/api/checkout,200,528.5
2026-07-18T19:29:53,/docs,200,56.8
2026-07-18T21:35:33,/,200,37.1
2026-07-18T22:44:35,/api/search,200,94.0
2026-07-19T03:09:52,/docs,200,89.6
2026-07-19T06:33:31,/api/checkout,200,199.5
2026-07-19T07:45:45,/docs,200,61.4
2026-07-19T07:53:18,/,200,43.8
2026-07-19T09:17:50,/api/export,200,614.8
2026-07-19T09:30:49,/pricing,200,35.9
2026-07-19T10:05:48,/api/checkout,200,246.0
2026-07-19T10:07:31,/api/checkout,200,340.1
2026-07-19T11:07:03,/api/search,200,170.3
2026-07-19T11:10:39,/,200,43.0
2026-07-19T12:13:52,/,200,49.7
2026-07-19T12:14:26,/docs,200,26.6
2026-07-19T12:22:06,/api/checkout,200,208.0
2026-07-19T12:50:21,/api/export,200,2065.2
2026-07-19T13:11:18,/api/search,200,161.2
2026-07-19T13:40:23,/,200,34.1
2026-07-19T14:01:44,/api/search,200,159.6
2026-07-19T14:03:23,/api/checkout,404,73.4
2026-07-19T14:15:44,/docs,200,33.8
2026-07-19T14:26:17,/docs,200,268.4
2026-07-19T14:28:44,/pricing,404,9.7
2026-07-19T14:35:38,/,200,104.2
2026-07-19T14:43:55,/docs,200,33.3
2026-07-19T14:55:15,/api/search,200,389.5
2026-07-19T15:07:05,/api/search,200,121.9
2026-07-19T15:22:05,/api/checkout,200,233.1
2026-07-19T15:39:45,/api/search,200,192.5
2026-07-19T15:51:42,/api/search,200,225.9
2026-07-19T15:52:53,/,200,37.4
2026-07-19T15:55:04,/pricing,200,57.0
2026-07-19T16:33:38,/api/search,200,150.7
2026-07-19T16:33:42,/api/checkout,200,321.4
2026-07-19T16:39:43,/api/search,200,174.0
2026-07-19T17:25:30,/docs,200,79.5
2026-07-19T18:10:01,/api/search,200,154.2
2026-07-19T18:39:41,/api/search,200,126.7
2026-07-19T18:40:27,/api/checkout,200,238.9
2026-07-19T18:52:14,/,200,44.3
2026-07-19T20:23:08,/api/search,200,142.4
2026-07-19T20:31:54,/docs,200,70.3
2026-07-19T20:52:16,/,200,43.4
2026-07-19T21:59:16,/api/export,200,163.7
2026-07-20T05:32:16,/docs,200,31.3
2026-07-20T05:58:13,/pricing,200,16.8
2026-07-20T07:15:54,/,200,34.3
2026-07-20T07:40:59,/api/search,200,186.8
2026-07-20T08:24:05,/api/checkout,200,269.9
2026-07-20T08:35:03,/,200,77.1
2026-07-20T08:40:38,/docs,200,25.9
2026-07-20T09:00:36,/api/checkout,200,275.4
2026-07-20T09:09:57,/pricing,200,42.8
2026-07-20T09:11:46,/api/search,200,79.7
2026-07-20T09:16:35,/docs,200,27.5
2026-07-20T09:28:58,/,200,18.9
2026-07-20T09:34:31,/api/search,200,157.2
2026-07-20T09:42:15,/api/export,200,388.3
2026-07-20T10:07:02,/api/checkout,200,535.9
2026-07-20T10:31:21,/api/search,200,276.9
2026-07-20T10:31:29,/,200,34.7
2026-07-20T10:35:08,/,200,29.9
2026-07-20T10:36:38,/docs,200,98.3
2026-07-20T10:41:42,/docs,200,55.6
2026-07-20T10:46:23,/api/search,200,290.8
2026-07-20T10:56:23,/,200,52.1
2026-07-20T11:01:41,/docs,200,48.7
2026-07-20T11:05:01,/docs,200,43.6
2026-07-20T11:09:15,/pricing,200,44.9
2026-07-20T11:40:38,/api/checkout,200,485.5
2026-07-20T11:45:09,/,200,39.8
2026-07-20T11:49:25,/api/search,200,389.6
2026-07-20T11:51:35,/api/export,200,665.6
2026-07-20T12:03:20,/,200,32.3
2026-07-20T12:08:03,/docs,200,168.3
2026-07-20T12:15:13,/,200,50.7
2026-07-20T12:21:04,/api/export,200,855.9
2026-07-20T12:22:56,/api/checkout,200,355.2
2026-07-20T12:36:21,/,200,62.3
2026-07-20T12:36:53,/api/export,200,655.8
2026-07-20T12:51:46,/,200,28.7
2026-07-20T12:53:19,/pricing,200,77.0
2026-07-20T13:03:58,/,200,79.0
2026-07-20T13:05:16,/pricing,200,90.9
2026-07-20T13:14:54,/,200,25.3
2026-07-20T13:17:44,/api/checkout,200,310.4
2026-07-20T13:26:04,/api/checkout,200,477.1
2026-07-20T13:30:51,/api/checkout,200,318.1
2026-07-20T13:33:24,/,200,34.1
2026-07-20T13:33:27,/api/search,200,266.7
2026-07-20T13:52:05,/,200,42.3
2026-07-20T13:58:59,/docs,404,14.5
2026-07-20T14:29:54,/api/checkout,200,235.9
2026-07-20T14:29:57,/pricing,200,45.9
2026-07-20T14:30:03,/api/search,200,254.5
2026-07-20T14:31:25,/docs,200,51.7
2026-07-20T14:32:11,/api/search,200,168.0
2026-07-20T14:35:21,/api/search,200,336.0
2026-07-20T14:36:35,/pricing,200,45.4
2026-07-20T15:15:02,/,200,13.8
2026-07-20T15:22:32,/api/search,200,121.9
2026-07-20T15:27:09,/docs,200,126.4
2026-07-20T15:29:52,/docs,200,50.0
2026-07-20T15:34:14,/pricing,200,83.6
2026-07-20T15:58:23,/docs,200,19.0
2026-07-20T15:59:14,/api/search,200,222.7
2026-07-20T16:04:19,/api/checkout,200,174.8
2026-07-20T16:12:46,/api/checkout,200,447.0
2026-07-20T16:25:49,/docs,200,30.0
2026-07-20T16:34:34,/api/export,200,472.1
2026-07-20T16:34:52,/docs,200,43.2
2026-07-20T16:43:49,/docs,200,51.2
2026-07-20T16:44:02,/api/search,200,233.2
2026-07-20T16:49:58,/docs,200,46.2
2026-07-20T17:00:14,/api/search,200,145.4
2026-07-20T17:06:40,/,200,41.3
2026-07-20T17:11:32,/docs,200,32.6
2026-07-20T17:38:19,/api/search,200,162.3
2026-07-20T17:38:33,/,200,78.0
2026-07-20T17:47:35,/,200,18.0
2026-07-20T17:55:09,/docs,200,29.6
2026-07-20T17:55:48,/,200,26.4
2026-07-20T18:00:29,/docs,404,9.0
2026-07-20T18:09:34,/docs,200,31.4
2026-07-20T19:03:43,/pricing,200,67.7
2026-07-20T19:17:55,/,200,29.0
2026-07-20T19:35:38,/,200,20.3
2026-07-20T19:38:40,/,200,22.0
2026-07-20T19:43:55,/docs,200,27.6
2026-07-20T19:58:02,/docs,200,80.1
2026-07-20T21:53:55,/docs,200,74.8
2026-07-20T22:39:06,/,200,34.1
2026-07-20T23:53:09,/docs,200,65.0
2026-07-21T04:16:36,/api/checkout,200,159.6
2026-07-21T04:37:16,/docs,200,59.7
2026-07-21T06:29:30,/,200,31.3
2026-07-21T07:35:28,/api/checkout,503,107.5
2026-07-21T07:40:43,/,200,27.0
2026-07-21T07:45:23,/pricing,200,49.3
2026-07-21T08:14:56,/docs,200,50.7
2026-07-21T08:19:34,/pricing,200,41.6
2026-07-21T08:36:13,/,200,26.1
2026-07-21T08:37:42,/api/search,200,171.5
2026-07-21T08:51:39,/,200,16.3
2026-07-21T08:56:19,/api/search,200,172.2
2026-07-21T09:18:47,/api/checkout,200,192.6
2026-07-21T09:24:05,/docs,200,22.3
2026-07-21T09:38:30,/api/search,200,176.6
2026-07-21T09:39:26,/,200,27.9
2026-07-21T09:51:37,/,200,33.1
2026-07-21T09:55:56,/,200,50.7
2026-07-21T09:56:22,/api/export,200,578.8
2026-07-21T10:04:00,/,200,39.7
2026-07-21T10:07:39,/pricing,200,100.8
2026-07-21T10:11:45,/api/checkout,200,304.6
2026-07-21T10:17:24,/api/search,200,135.4
2026-07-21T10:40:50,/api/export,200,717.2
2026-07-21T10:41:52,/,200,19.1
2026-07-21T10:45:01,/api/export,200,424.6
2026-07-21T11:32:41,/api/search,404,48.9
2026-07-21T11:41:55,/docs,200,41.6
2026-07-21T11:51:30,/api/checkout,200,120.5
2026-07-21T11:54:35,/api/checkout,200,93.8
2026-07-21T11:56:04,/docs,200,70.7
2026-07-21T12:06:40,/pricing,200,69.4
2026-07-21T12:11:24,/api/checkout,404,78.3
2026-07-21T12:17:34,/api/search,200,272.9
2026-07-21T12:19:45,/,200,42.6
2026-07-21T12:24:31,/docs,200,43.1
2026-07-21T12:31:11,/pricing,200,82.0
2026-07-21T12:38:50,/,200,37.4
2026-07-21T12:43:49,/,200,41.3
2026-07-21T12:50:29,/,200,41.6
2026-07-21T13:04:51,/docs,200,62.6
2026-07-21T13:28:29,/api/export,200,737.4
2026-07-21T13:29:13,/,200,29.5
2026-07-21T13:35:48,/api/checkout,200,353.1
2026-07-21T13:43:51,/docs,200,102.3
2026-07-21T13:48:19,/api/search,200,232.9
2026-07-21T13:51:01,/,200,40.8
2026-07-21T13:52:19,/,200,53.8
2026-07-21T14:04:03,/api/checkout,200,267.4
2026-07-21T14:08:44,/pricing,200,35.9
2026-07-21T14:13:47,/,200,69.3
2026-07-21T14:22:12,/,200,48.2
2026-07-21T14:28:11,/docs,200,82.3
2026-07-21T14:28:47,/,200,24.4
2026-07-21T14:28:54,/docs,200,95.7
2026-07-21T14:47:43,/pricing,200,44.0
2026-07-21T14:55:00,/,200,33.4
2026-07-21T15:02:08,/docs,200,68.4
2026-07-21T15:06:16,/pricing,200,44.2
2026-07-21T15:34:42,/,200,35.5
2026-07-21T16:03:42,/api/checkout,200,108.4
2026-07-21T16:07:22,/,200,48.1
2026-07-21T16:12:41,/,200,96.2
2026-07-21T16:16:27,/api/checkout,200,141.1
2026-07-21T16:21:35,/api/search,200,382.8
2026-07-21T16:22:40,/,200,15.0
2026-07-21T16:29:44,/api/checkout,200,268.0
2026-07-21T16:35:46,/,200,67.6
2026-07-21T16:43:31,/,200,58.0
2026-07-21T16:43:49,/docs,200,27.2
2026-07-21T16:53:21,/,200,49.1
2026-07-21T16:54:25,/pricing,200,82.7
2026-07-21T17:00:49,/api/checkout,200,250.5
2026-07-21T17:12:22,/,200,37.7
2026-07-21T17:28:45,/,200,52.3
2026-07-21T17:29:27,/pricing,200,40.8
2026-07-21T17:55:52,/docs,200,81.1
2026-07-21T18:06:05,/api/export,200,593.6
2026-07-21T18:23:45,/api/checkout,200,193.9
2026-07-21T18:41:54,/api/checkout,200,167.0
2026-07-21T18:43:20,/,200,54.8
2026-07-21T18:56:53,/api/search,200,121.1
2026-07-21T19:27:41,/api/search,200,172.6
2026-07-21T19:32:37,/,200,55.8
2026-07-21T21:49:50,/,200,34.1
2026-07-21T22:08:57,/docs,200,75.0
2026-07-21T22:11:05,/docs,401,18.0
2026-07-21T22:55:51,/,200,23.6
2026-07-21T23:15:49,/,200,24.2
2026-07-21T23:19:08,/api/export,200,681.8
2026-07-21T23:21:43,/,200,33.4
2026-07-22T04:10:16,/api/export,200,2710.8
2026-07-22T05:19:48,/docs,200,48.5
2026-07-22T06:16:10,/,200,92.9
2026-07-22T07:21:43,/pricing,200,49.1
2026-07-22T08:07:20,/docs,200,41.5
2026-07-22T08:59:56,/,200,46.7
2026-07-22T09:02:56,/docs,200,25.3
2026-07-22T09:24:31,/,200,78.7
2026-07-22T09:27:19,/pricing,200,73.9
2026-07-22T09:32:19,/api/checkout,200,5915.1
2026-07-22T09:32:27,/,200,22.2
2026-07-22T09:37:44,/docs,200,57.7
2026-07-22T09:38:07,/docs,200,34.5
2026-07-22T09:53:33,/pricing,200,60.8
2026-07-22T09:53:38,/,200,21.4
2026-07-22T10:12:38,/,200,27.8
2026-07-22T10:20:44,/api/search,200,756.3
2026-07-22T10:21:06,/,500,8.8
2026-07-22T10:47:55,/,200,22.4
2026-07-22T10:59:53,/api/search,200,791.1
2026-07-22T11:03:18,/,200,60.3
2026-07-22T11:05:31,/api/search,200,889.8
2026-07-22T11:14:21,/,200,36.2
2026-07-22T11:27:46,/,200,42.8
2026-07-22T11:41:56,/api/checkout,200,287.4
2026-07-22T11:44:20,/docs,200,113.7
2026-07-22T11:47:50,/api/search,200,501.3
2026-07-22T11:58:20,/,200,32.2
2026-07-22T12:08:55,/,200,85.2
2026-07-22T12:18:46,/docs,200,51.3
2026-07-22T12:27:17,/docs,200,32.4
2026-07-22T12:31:41,/docs,404,19.1
2026-07-22T12:37:17,/docs,200,56.1
2026-07-22T12:53:09,/pricing,200,28.4
2026-07-22T12:58:55,/docs,200,78.1
2026-07-22T13:01:06,/,200,32.9
2026-07-22T13:16:20,/pricing,200,20.2
2026-07-22T13:20:40,/,200,25.3
2026-07-22T13:34:40,/,200,65.7
2026-07-22T13:38:55,/pricing,200,99.1
2026-07-22T14:04:02,/docs,200,31.3
2026-07-22T14:09:14,/pricing,200,75.3
2026-07-22T14:10:54,/,200,28.7
2026-07-22T14:36:12,/docs,200,45.6
2026-07-22T14:44:21,/,200,28.9
2026-07-22T14:48:32,/api/export,200,3491.0
2026-07-22T15:04:41,/pricing,200,25.7
2026-07-22T15:20:39,/,200,21.6
2026-07-22T15:30:33,/,200,28.1
2026-07-22T15:30:57,/docs,200,88.7
2026-07-22T15:31:21,/api/export,200,922.5
2026-07-22T15:36:00,/api/search,200,358.8
2026-07-22T15:38:52,/pricing,200,39.8
2026-07-22T15:51:32,/,200,60.6
2026-07-22T15:57:01,/docs,401,34.4
2026-07-22T16:08:22,/api/search,200,846.3
2026-07-22T16:10:30,/api/search,200,444.9
2026-07-22T16:20:50,/,200,31.7
2026-07-22T16:33:13,/,200,14.0
2026-07-22T16:40:16,/api/search,200,977.5
2026-07-22T16:41:04,/api/search,200,1185.4
2026-07-22T16:51:20,/api/checkout,200,284.3
2026-07-22T16:59:43,/,200,44.7
2026-07-22T17:03:58,/docs,200,48.6
2026-07-22T17:05:20,/docs,200,250.4
2026-07-22T17:06:50,/docs,200,96.8
2026-07-22T17:26:12,/api/checkout,200,348.0
2026-07-22T17:26:32,/pricing,200,65.5
2026-07-22T17:28:46,/,200,32.0
2026-07-22T17:33:09,/,200,90.8
2026-07-22T17:33:59,/,200,25.1
2026-07-22T17:39:14,/docs,200,52.2
2026-07-22T17:47:25,/api/checkout,200,393.5
2026-07-22T17:52:28,/api/checkout,200,107.7
2026-07-22T18:25:49,/docs,200,27.5
2026-07-22T18:32:26,/docs,200,32.9
2026-07-22T18:38:05,/,200,30.6
2026-07-22T18:38:19,/,200,28.2
2026-07-22T18:47:05,/,200,30.7
2026-07-22T18:50:25,/api/checkout,200,412.9
2026-07-22T19:11:50,/api/search,200,489.0
2026-07-22T19:59:27,/api/export,200,1165.8
2026-07-22T20:10:16,/,200,27.7
2026-07-22T20:49:49,/pricing,200,47.6
2026-07-22T20:53:04,/api/search,200,436.9
2026-07-22T20:55:52,/pricing,200,34.2
2026-07-22T21:13:44,/,200,37.1
2026-07-22T21:26:12,/api/checkout,200,355.3
2026-07-22T21:56:03,/docs,200,25.9
2026-07-22T22:33:52,/api/search,200,347.6
2026-07-22T23:13:07,/docs,200,36.7
2026-07-22T23:38:34,/pricing,200,58.4
2026-07-23T05:08:22,/docs,200,66.0
2026-07-23T05:32:23,/api/search,200,307.1
2026-07-23T07:20:11,/api/checkout,200,185.9
2026-07-23T08:08:24,/docs,200,121.0
2026-07-23T08:15:26,/api/checkout,200,441.0
2026-07-23T08:16:02,/api/search,200,246.8
2026-07-23T08:34:18,/api/search,200,442.4
2026-07-23T08:41:32,/api/checkout,200,212.3
2026-07-23T08:48:27,/api/checkout,200,92.2
2026-07-23T08:55:57,/docs,404,23.5
2026-07-23T09:10:56,/api/checkout,200,148.1
2026-07-23T09:25:20,/api/checkout,200,122.5
2026-07-23T09:39:32,/api/search,200,334.5
2026-07-23T09:45:11,/,200,51.5
2026-07-23T10:06:14,/docs,200,30.3
2026-07-23T10:23:37,/api/search,200,568.9
2026-07-23T10:30:40,/api/search,200,432.7
2026-07-23T10:32:49,/docs,200,32.5
2026-07-23T10:36:37,/docs,200,31.4
2026-07-23T10:42:33,/pricing,200,45.7
2026-07-23T10:51:51,/docs,200,22.4
2026-07-23T10:52:47,/api/checkout,200,193.7
2026-07-23T10:56:07,/api/search,200,270.3
2026-07-23T11:14:50,/,200,76.1
2026-07-23T11:18:48,/api/search,200,373.9
2026-07-23T11:22:42,/api/checkout,200,244.9
2026-07-23T11:26:30,/,200,83.9
2026-07-23T11:34:34,/,200,27.7
2026-07-23T11:36:37,/api/checkout,200,126.7
2026-07-23T11:41:27,/,200,56.3
2026-07-23T11:43:02,/,200,41.8
2026-07-23T11:43:41,/api/checkout,200,246.9
2026-07-23T11:45:28,/docs,200,40.2
2026-07-23T11:54:37,/,200,30.5
2026-07-23T11:55:04,/,200,38.9
2026-07-23T12:07:16,/docs,401,31.0
2026-07-23T12:27:52,/pricing,200,58.1
2026-07-23T12:29:23,/docs,200,150.7
2026-07-23T12:37:46,/api/checkout,200,586.5
2026-07-23T12:41:09,/api/search,200,162.0
2026-07-23T12:46:06,/docs,200,39.3
2026-07-23T12:53:44,/api/checkout,200,344.0
2026-07-23T12:55:33,/,200,28.7
2026-07-23T13:06:39,/api/export,200,707.3
2026-07-23T13:10:57,/pricing,200,39.7
2026-07-23T13:19:04,/api/checkout,200,243.1
2026-07-23T13:23:38,/docs,200,51.9
2026-07-23T13:33:03,/,200,26.2
2026-07-23T13:34:17,/api/search,200,290.5
2026-07-23T13:48:46,/api/search,200,476.7
2026-07-23T13:54:03,/docs,200,45.8
2026-07-23T14:00:40,/api/export,200,1070.5
2026-07-23T14:01:05,/api/search,502,132.1
2026-07-23T14:18:53,/api/checkout,200,133.8
2026-07-23T14:19:49,/docs,200,39.8
2026-07-23T14:20:01,/pricing,200,25.7
2026-07-23T14:33:10,/,200,135.0
2026-07-23T14:37:39,/pricing,200,27.6
2026-07-23T14:43:57,/docs,200,26.8
2026-07-23T14:48:17,/api/checkout,200,284.4
2026-07-23T14:57:28,/,200,58.4
2026-07-23T15:01:35,/docs,200,85.3
2026-07-23T15:05:33,/,200,52.4
2026-07-23T15:19:29,/api/search,200,302.5
2026-07-23T15:27:29,/,200,58.3
2026-07-23T15:57:23,/api/search,200,608.8
2026-07-23T16:04:27,/docs,200,32.3
2026-07-23T16:14:09,/,200,112.2
2026-07-23T16:35:28,/docs,200,35.2
2026-07-23T16:56:13,/api/checkout,200,294.0
2026-07-23T17:01:30,/api/export,200,1430.6
2026-07-23T17:03:02,/pricing,200,49.9
2026-07-23T17:07:37,/docs,200,44.8
2026-07-23T17:16:44,/api/search,200,276.2
2026-07-23T17:21:36,/api/search,200,571.7
2026-07-23T17:24:11,/pricing,500,34.7
2026-07-23T17:30:37,/api/checkout,200,347.9
2026-07-23T17:37:18,/api/search,200,380.1
2026-07-23T17:52:33,/api/search,200,367.7
2026-07-23T18:15:21,/,200,409.2
2026-07-23T18:17:21,/api/checkout,200,309.5
2026-07-23T18:30:18,/,200,39.2
2026-07-23T18:43:13,/api/search,200,998.7
2026-07-23T18:46:00,/docs,200,74.9
2026-07-23T18:50:39,/,200,79.2
2026-07-23T19:20:04,/docs,200,111.8
2026-07-23T19:56:47,/api/search,200,305.5
2026-07-23T20:27:52,/pricing,200,34.4
2026-07-23T20:51:05,/pricing,200,44.5
2026-07-23T21:26:15,/pricing,200,28.0
2026-07-23T23:01:58,/docs,200,28.3
2026-07-23T23:06:25,/docs,200,77.1
2026-07-23T23:14:25,/api/export,200,966.6
2026-07-24T03:12:13,/,200,27.9
2026-07-24T05:44:30,/api/export,200,754.1
2026-07-24T06:36:36,/,200,52.8
2026-07-24T07:07:41,/api/export,200,2749.2
2026-07-24T07:17:17,/api/export,200,588.9
2026-07-24T07:17:32,/docs,401,22.7
2026-07-24T07:40:09,/api/checkout,200,271.5
2026-07-24T07:52:17,/api/search,200,227.1
2026-07-24T08:50:10,/api/checkout,200,321.9
2026-07-24T09:33:35,/api/checkout,200,286.3
2026-07-24T09:36:05,/docs,200,118.6
2026-07-24T10:00:46,/api/search,200,401.4
2026-07-24T10:05:07,/,200,83.0
2026-07-24T10:26:53,/api/search,200,238.2
2026-07-24T10:27:07,/api/search,200,539.0
2026-07-24T10:29:08,/api/export,404,258.2
2026-07-24T10:32:17,/,200,51.7
2026-07-24T10:40:55,/api/search,200,708.8
2026-07-24T10:43:02,/docs,200,40.1
2026-07-24T11:00:11,/,200,29.6
2026-07-24T11:09:10,/docs,200,48.9
2026-07-24T11:14:09,/docs,200,47.8
2026-07-24T11:17:03,/api/checkout,200,152.7
2026-07-24T11:35:03,/,200,70.5
2026-07-24T11:44:48,/,200,48.4
2026-07-24T11:49:35,/api/search,200,584.0
2026-07-24T11:54:11,/api/search,200,554.0
2026-07-24T12:09:49,/docs,200,76.9
2026-07-24T12:43:59,/api/search,200,171.0
2026-07-24T12:44:00,/api/search,200,163.6
2026-07-24T13:18:48,/,200,61.4
2026-07-24T13:28:58,/api/checkout,200,1718.5
2026-07-24T13:32:31,/api/search,200,399.2
2026-07-24T13:36:27,/docs,200,52.4
2026-07-24T13:37:52,/pricing,200,43.7
2026-07-24T13:38:46,/api/checkout,200,223.8
2026-07-24T13:41:39,/,200,46.0
2026-07-24T13:51:02,/api/checkout,200,268.6
2026-07-24T13:56:45,/pricing,200,118.7
2026-07-24T13:57:00,/docs,200,117.3
2026-07-24T13:57:30,/,200,23.2
2026-07-24T14:11:22,/,404,11.2
2026-07-24T14:12:34,/,200,23.3
2026-07-24T14:12:49,/,200,31.5
2026-07-24T14:12:53,/docs,200,110.9
2026-07-24T14:27:59,/docs,200,48.8
2026-07-24T14:30:31,/docs,200,32.7
2026-07-24T14:37:50,/pricing,200,21.6
2026-07-24T14:43:34,/,200,40.3
2026-07-24T14:44:12,/,200,27.6
2026-07-24T14:46:19,/api/checkout,200,267.9
2026-07-24T14:53:01,/docs,200,63.3
2026-07-24T15:01:30,/,200,198.8
2026-07-24T15:09:59,/,503,23.0
2026-07-24T15:11:05,/,200,56.6
2026-07-24T15:11:49,/pricing,200,14.3
2026-07-24T15:39:42,/,200,33.3
2026-07-24T15:47:32,/api/checkout,404,27.4
2026-07-24T16:04:38,/docs,200,43.7
2026-07-24T16:05:52,/api/search,200,482.0
2026-07-24T16:08:23,/docs,200,44.7
2026-07-24T16:14:59,/,200,22.1
2026-07-24T16:22:55,/docs,200,33.7
2026-07-24T16:34:52,/api/search,200,621.0
2026-07-24T16:35:50,/pricing,200,34.2
2026-07-24T16:38:38,/pricing,200,91.4
2026-07-24T16:39:37,/pricing,503,19.3
2026-07-24T16:42:34,/,200,46.7
2026-07-24T16:46:45,/pricing,200,51.6
2026-07-24T16:49:02,/docs,200,35.6
2026-07-24T16:51:11,/docs,200,63.2
2026-07-24T16:52:35,/,200,72.4
2026-07-24T17:01:18,/,200,30.2
2026-07-24T17:25:10,/docs,200,21.0
2026-07-24T17:27:23,/api/search,200,333.1
2026-07-24T17:27:32,/,200,49.0
2026-07-24T17:30:37,/api/checkout,200,240.2
2026-07-24T17:33:32,/api/search,200,442.0
2026-07-24T18:04:35,/,200,96.8
2026-07-24T18:20:56,/api/checkout,200,252.6
2026-07-24T18:21:12,/,200,17.3
2026-07-24T18:31:33,/,200,75.4
2026-07-24T18:40:46,/api/search,200,422.7
2026-07-24T19:23:56,/,200,66.5
2026-07-24T19:41:04,/api/search,200,462.3
2026-07-24T20:08:04,/,200,22.1
2026-07-24T20:18:25,/docs,200,56.7
2026-07-24T20:21:16,/pricing,200,51.0
2026-07-24T21:35:05,/docs,200,43.5
2026-07-24T21:48:51,/,200,55.6
2026-07-24T21:49:41,/api/checkout,200,383.4
2026-07-24T22:14:14,/,200,37.6
2026-07-24T22:21:48,/docs,200,92.7
2026-07-24T22:59:11,/api/search,200,307.5
2026-07-24T23:36:07,/docs,200,121.0
2026-07-25T04:52:18,/,200,57.7
2026-07-25T05:28:44,/pricing,200,60.2
2026-07-25T07:24:35,/api/checkout,200,325.5
2026-07-25T07:38:15,/api/checkout,200,382.1
2026-07-25T09:46:03,/api/search,200,284.6
2026-07-25T09:54:43,/api/export,200,649.8
2026-07-25T10:29:28,/,200,28.3
2026-07-25T10:48:55,/api/export,200,563.5
2026-07-25T10:54:36,/,200,35.9
2026-07-25T11:05:58,/api/search,200,406.9
2026-07-25T11:08:38,/pricing,200,56.6
2026-07-25T11:34:02,/pricing,200,135.7
2026-07-25T11:36:58,/api/export,200,356.9
2026-07-25T12:01:56,/,200,33.2
2026-07-25T12:13:20,/pricing,200,25.1
2026-07-25T12:15:01,/,200,43.2
2026-07-25T12:38:22,/docs,200,33.4
2026-07-25T12:59:22,/api/checkout,200,346.5
2026-07-25T13:07:31,/,200,72.7
2026-07-25T13:21:58,/docs,200,76.2
2026-07-25T13:22:22,/api/export,200,738.0
2026-07-25T14:01:59,/pricing,200,33.3
2026-07-25T14:02:12,/docs,200,63.6
2026-07-25T14:09:22,/docs,200,67.8
2026-07-25T14:27:04,/,200,37.8
2026-07-25T14:53:24,/pricing,200,76.8
2026-07-25T14:54:09,/api/search,200,156.2
2026-07-25T14:54:55,/docs,503,20.2
2026-07-25T15:02:28,/,200,35.6
2026-07-25T15:05:09,/api/export,200,539.6
2026-07-25T15:27:04,/api/checkout,200,227.2
2026-07-25T15:35:11,/api/checkout,200,140.6
2026-07-25T15:39:21,/api/search,200,173.9
2026-07-25T15:55:15,/api/checkout,200,209.5
2026-07-25T16:24:09,/api/search,200,88.1
2026-07-25T16:54:06,/api/checkout,200,246.4
2026-07-25T17:20:18,/,200,46.5
2026-07-25T18:00:27,/,200,39.1
2026-07-25T18:07:29,/,200,49.0
2026-07-25T18:17:14,/,200,38.6
2026-07-25T19:19:03,/,200,22.6
2026-07-25T19:44:29,/api/search,200,96.0
2026-07-25T19:48:54,/api/checkout,200,438.4
2026-07-25T20:10:45,/docs,200,63.3
2026-07-25T20:24:20,/api/search,200,283.4
2026-07-25T23:47:45,/,200,31.4
2026-07-26T04:10:12,/api/checkout,200,333.2
2026-07-26T05:55:57,/api/checkout,200,213.6
2026-07-26T06:21:53,/,200,30.8
2026-07-26T07:42:18,/api/search,200,89.6
2026-07-26T09:50:34,/,200,54.4
2026-07-26T10:21:36,/,200,39.1
2026-07-26T10:57:46,/api/search,200,230.3
2026-07-26T11:18:39,/docs,200,43.1
2026-07-26T11:25:56,/docs,200,50.4
2026-07-26T11:32:24,/docs,200,90.7
2026-07-26T11:56:42,/pricing,200,71.8
2026-07-26T12:06:10,/,502,16.3
2026-07-26T12:06:22,/api/export,200,986.0
2026-07-26T12:08:09,/api/search,200,361.7
2026-07-26T12:11:02,/api/search,200,290.6
2026-07-26T12:19:31,/api/search,200,134.1
2026-07-26T12:25:37,/,200,27.8
2026-07-26T12:41:39,/api/export,200,739.8
2026-07-26T12:57:30,/api/checkout,200,193.4
2026-07-26T13:03:33,/pricing,200,61.1
2026-07-26T13:13:17,/,200,37.6
2026-07-26T13:30:12,/api/checkout,200,211.8
2026-07-26T13:30:41,/docs,200,114.5
2026-07-26T13:44:53,/docs,200,88.1
2026-07-26T13:50:22,/pricing,200,63.1
2026-07-26T13:52:56,/api/checkout,200,144.4
2026-07-26T13:53:34,/api/checkout,200,96.0
2026-07-26T14:08:37,/docs,200,49.5
2026-07-26T14:13:00,/api/export,200,818.7
2026-07-26T14:42:39,/api/checkout,200,162.7
2026-07-26T14:49:25,/api/search,200,374.2
2026-07-26T14:52:41,/,200,79.6
2026-07-26T14:58:39,/api/export,200,373.1
2026-07-26T15:34:50,/docs,200,81.1
2026-07-26T15:41:22,/,200,78.2
2026-07-26T15:49:01,/api/checkout,200,192.7
2026-07-26T16:20:07,/,200,39.7
2026-07-26T16:27:37,/api/export,200,289.5
2026-07-26T17:24:36,/pricing,200,75.2
2026-07-26T17:35:51,/docs,200,45.4
2026-07-26T17:38:28,/api/export,200,603.6
2026-07-26T18:27:28,/,200,23.3
2026-07-26T18:51:07,/,200,72.4
2026-07-26T19:55:11,/api/export,200,540.0
2026-07-26T20:02:39,/api/export,200,348.9
2026-07-26T21:15:45,/pricing,200,28.6
2026-07-26T23:39:03,/docs,200,55.1
2026-07-27T03:21:03,/,200,59.3
2026-07-27T03:41:46,/api/search,200,138.8
2026-07-27T03:50:05,/,200,26.0
2026-07-27T05:01:20,/docs,200,79.2
2026-07-27T06:39:11,/,200,36.5
2026-07-27T07:20:39,/api/checkout,200,214.2
2026-07-27T07:34:32,/docs,200,50.3
2026-07-27T07:39:21,/,200,21.0
2026-07-27T08:23:06,/api/export,200,327.5
2026-07-27T08:40:07,/docs,200,78.8
2026-07-27T08:43:25,/pricing,200,55.0
2026-07-27T08:44:50,/,200,30.2
2026-07-27T08:51:50,/api/checkout,200,293.7
2026-07-27T08:56:04,/api/checkout,200,221.5
2026-07-27T08:57:10,/docs,200,33.8
2026-07-27T09:23:53,/,200,60.8
2026-07-27T09:32:36,/,200,45.8
2026-07-27T09:37:37,/,200,33.8
2026-07-27T10:02:44,/pricing,200,47.1
2026-07-27T10:13:15,/docs,200,62.8
2026-07-27T10:19:01,/pricing,200,30.5
2026-07-27T10:31:46,/api/checkout,200,111.8
2026-07-27T10:32:44,/docs,200,331.5
2026-07-27T10:33:49,/docs,200,152.8
2026-07-27T10:42:23,/,200,56.4
2026-07-27T10:54:13,/api/search,200,172.0
2026-07-27T11:01:19,/docs,200,98.3
2026-07-27T11:04:12,/api/search,200,198.1
2026-07-27T11:04:16,/api/search,200,70.4
2026-07-27T11:12:50,/docs,200,81.0
2026-07-27T11:19:13,/docs,200,92.2
2026-07-27T11:24:25,/api/search,200,201.7
2026-07-27T11:26:12,/,200,20.1
2026-07-27T11:27:13,/,200,51.6
2026-07-27T11:31:04,/,200,14.8
2026-07-27T11:53:52,/,200,91.0
2026-07-27T12:11:16,/,200,29.2
2026-07-27T12:13:30,/api/checkout,200,296.3
2026-07-27T12:18:30,/docs,200,46.2
2026-07-27T12:44:32,/api/checkout,200,353.0
2026-07-27T13:05:26,/,200,44.5
2026-07-27T13:05:44,/,200,37.7
2026-07-27T13:08:45,/api/search,404,34.2
2026-07-27T13:17:46,/api/search,200,83.0
2026-07-27T13:20:41,/api/export,200,494.0
2026-07-27T13:30:39,/pricing,200,39.3
2026-07-27T13:36:26,/api/search,200,273.1
2026-07-27T13:37:40,/api/search,200,283.8
2026-07-27T13:45:40,/,200,44.9
2026-07-27T13:46:15,/api/search,200,326.3
2026-07-27T13:49:05,/api/search,200,90.9
2026-07-27T13:54:10,/,200,31.2
2026-07-27T13:54:16,/,200,57.9
2026-07-27T14:05:12,/docs,200,44.5
2026-07-27T14:05:54,/pricing,200,85.2
2026-07-27T14:08:42,/api/export,200,344.0
2026-07-27T14:31:01,/pricing,200,61.8
2026-07-27T14:45:31,/docs,200,42.8
2026-07-27T14:48:55,/,200,35.5
2026-07-27T14:52:00,/,200,28.9
2026-07-27T14:52:40,/,200,52.6
2026-07-27T15:03:28,/,200,26.6
2026-07-27T15:04:18,/docs,200,58.4
2026-07-27T15:15:38,/pricing,401,9.0
2026-07-27T15:21:00,/,200,37.5
2026-07-27T15:21:29,/api/export,200,643.4
2026-07-27T15:33:05,/pricing,200,39.0
2026-07-27T15:40:36,/api/search,200,259.3
2026-07-27T15:52:26,/api/export,200,152.6
2026-07-27T15:53:34,/pricing,200,24.9
2026-07-27T15:54:13,/docs,200,36.3
2026-07-27T15:58:32,/api/search,503,78.4
2026-07-27T15:58:58,/,200,27.0
2026-07-27T16:14:39,/api/search,200,196.2
2026-07-27T16:28:44,/docs,200,58.7
2026-07-27T16:45:13,/api/search,200,153.9
2026-07-27T16:46:55,/docs,200,95.8
2026-07-27T16:59:02,/pricing,200,60.7
2026-07-27T17:25:09,/,200,56.0
2026-07-27T17:42:36,/api/checkout,200,107.3
2026-07-27T17:52:41,/docs,200,85.2
2026-07-27T18:06:37,/api/checkout,200,179.7
2026-07-27T18:12:09,/docs,200,40.9
2026-07-27T18:26:39,/api/checkout,200,393.6
2026-07-27T18:35:10,/api/search,503,79.7
2026-07-27T18:37:11,/api/search,200,99.1
2026-07-27T18:40:59,/api/search,200,223.9
2026-07-27T19:40:05,/api/checkout,200,491.9
2026-07-27T19:48:18,/,200,47.1
2026-07-27T19:52:02,/docs,200,32.2
2026-07-27T19:54:54,/docs,404,16.4
2026-07-27T20:17:28,/,401,15.1
2026-07-27T20:32:32,/,200,41.8
2026-07-27T20:37:20,/api/search,200,143.5
2026-07-27T20:55:26,/,200,45.6
2026-07-27T22:01:35,/api/export,200,524.4
2026-07-27T22:08:22,/api/checkout,200,183.1
2026-07-27T22:20:54,/,200,47.5
2026-07-27T22:21:55,/,404,22.9
2026-07-28T00:08:15,/api/checkout,200,209.1
2026-07-28T04:16:08,/api/export,200,258.3
2026-07-28T05:05:09,/api/search,200,107.3
2026-07-28T05:17:00,/api/checkout,200,520.8
2026-07-28T05:37:58,/pricing,200,121.3
2026-07-28T06:30:47,/api/export,200,512.6
2026-07-28T06:35:25,/,200,42.7
2026-07-28T06:40:23,/pricing,200,30.9
2026-07-28T07:13:48,/docs,200,70.2
2026-07-28T07:45:13,/,200,80.2
2026-07-28T07:54:19,/api/search,200,174.7
2026-07-28T08:12:41,/docs,200,56.8
2026-07-28T08:14:03,/,200,22.3
2026-07-28T08:17:31,/docs,500,59.5
2026-07-28T08:32:00,/docs,200,83.3
2026-07-28T08:34:56,/pricing,200,18.2
2026-07-28T08:35:31,/docs,200,77.2
2026-07-28T09:03:40,/,200,14.6
2026-07-28T09:23:35,/,200,129.1
2026-07-28T09:34:02,/pricing,200,63.3
2026-07-28T10:03:49,/docs,200,107.5
2026-07-28T10:04:52,/api/search,200,62.6
2026-07-28T10:05:55,/,200,103.6
2026-07-28T10:06:34,/api/search,200,129.9
2026-07-28T10:10:55,/api/search,200,754.5
2026-07-28T10:20:57,/api/checkout,200,150.5
2026-07-28T10:31:21,/docs,200,39.3
2026-07-28T10:36:17,/api/search,200,180.7
2026-07-28T11:01:50,/pricing,200,53.5
2026-07-28T11:08:49,/api/checkout,200,215.8
2026-07-28T11:12:29,/,200,47.0
2026-07-28T11:12:54,/,200,48.1
2026-07-28T11:13:26,/api/checkout,200,287.3
2026-07-28T11:16:36,/docs,200,71.9
2026-07-28T11:17:56,/docs,200,41.3
2026-07-28T11:34:39,/docs,200,69.1
2026-07-28T11:52:15,/api/checkout,200,276.4
2026-07-28T11:57:07,/,200,33.3
2026-07-28T12:04:21,/api/export,200,461.6
2026-07-28T12:09:24,/,200,31.3
2026-07-28T12:15:54,/pricing,200,65.3
2026-07-28T12:24:43,/,200,33.2
2026-07-28T12:28:25,/api/search,200,135.6
2026-07-28T12:31:58,/api/search,200,209.3
2026-07-28T12:38:31,/,200,22.9
2026-07-28T12:48:27,/api/search,200,195.0
2026-07-28T12:58:21,/pricing,200,29.1
2026-07-28T13:05:11,/,200,26.9
2026-07-28T13:07:45,/,200,40.4
2026-07-28T13:22:26,/api/export,200,296.0
2026-07-28T13:26:14,/,200,73.8
2026-07-28T13:39:35,/,200,25.5
2026-07-28T13:47:19,/,200,37.3
2026-07-28T14:16:12,/,200,50.1
2026-07-28T14:16:18,/,200,38.6
2026-07-28T14:16:25,/api/search,200,333.9
2026-07-28T14:20:13,/pricing,200,63.4
2026-07-28T14:25:25,/pricing,200,73.1
2026-07-28T14:37:47,/api/checkout,200,187.4
2026-07-28T14:59:04,/pricing,200,64.3
2026-07-28T15:16:59,/docs,200,104.2
2026-07-28T15:29:22,/api/search,200,821.4
2026-07-28T15:30:00,/api/search,200,337.0
2026-07-28T15:43:54,/api/search,200,346.5
2026-07-28T15:51:01,/docs,200,85.3
2026-07-28T15:53:10,/,200,26.7
2026-07-28T15:54:22,/docs,200,27.8
2026-07-28T15:57:23,/api/search,200,129.7
2026-07-28T16:04:25,/,200,17.9
2026-07-28T16:12:01,/api/checkout,200,319.6
2026-07-28T16:21:00,/docs,200,54.7
2026-07-28T16:23:43,/api/export,200,468.1
2026-07-28T16:40:09,/api/checkout,404,110.2
2026-07-28T16:53:49,/api/export,200,391.1
2026-07-28T17:07:47,/api/checkout,200,168.0
2026-07-28T17:11:24,/api/checkout,200,272.1
2026-07-28T17:15:35,/api/search,200,176.0
2026-07-28T17:18:54,/api/checkout,200,457.8
2026-07-28T17:25:39,/api/export,200,3426.5
2026-07-28T17:31:11,/,200,45.6
2026-07-28T17:45:59,/docs,200,59.6
2026-07-28T17:55:06,/,200,67.9
2026-07-28T18:05:08,/api/search,200,112.4
2026-07-28T18:08:04,/api/checkout,200,300.1
2026-07-28T18:22:00,/api/checkout,200,224.5
2026-07-28T18:47:27,/docs,200,97.5
2026-07-28T18:50:03,/,200,22.8
2026-07-28T19:09:36,/docs,200,71.8
2026-07-28T19:33:58,/api/export,200,159.4
2026-07-28T19:35:28,/api/search,200,196.1
2026-07-28T19:37:46,/docs,200,69.4
2026-07-28T19:39:59,/,200,20.6
2026-07-28T19:41:56,/docs,200,32.0
2026-07-28T19:43:08,/api/checkout,200,242.1
2026-07-28T20:50:25,/,200,20.2
2026-07-28T21:19:29,/api/export,200,389.6
2026-07-28T21:24:23,/docs,200,59.8
2026-07-28T22:58:28,/pricing,200,80.0
2026-07-28T23:02:34,/,200,71.3
2026-07-28T23:56:25,/docs,200,59.2
2026-07-29T04:09:16,/,500,26.0
2026-07-29T07:09:02,/docs,200,74.6
2026-07-29T07:09:39,/docs,200,47.6
2026-07-29T07:17:39,/api/search,200,131.6
2026-07-29T07:53:12,/docs,404,19.7
2026-07-29T08:01:34,/pricing,200,48.6
2026-07-29T08:12:38,/pricing,500,15.9
2026-07-29T09:00:32,/api/search,200,345.0
2026-07-29T09:06:49,/,200,40.5
2026-07-29T09:19:56,/api/checkout,200,174.2
2026-07-29T09:31:02,/api/checkout,200,219.2
2026-07-29T09:38:55,/api/checkout,200,223.6
2026-07-29T10:00:16,/api/search,200,74.4
2026-07-29T10:02:50,/api/search,200,385.6
2026-07-29T10:10:28,/api/checkout,200,178.6
2026-07-29T10:13:56,/docs,200,118.5
2026-07-29T10:15:12,/api/checkout,200,379.8
2026-07-29T10:19:42,/,200,29.6
2026-07-29T10:25:32,/api/checkout,200,177.9
2026-07-29T10:32:44,/,200,31.9
2026-07-29T10:37:13,/api/search,200,223.4
2026-07-29T10:39:18,/api/export,200,504.4
2026-07-29T10:45:53,/docs,401,23.4
2026-07-29T10:48:51,/api/checkout,200,261.0
2026-07-29T10:49:20,/docs,200,97.8
2026-07-29T10:50:14,/,200,44.0
2026-07-29T11:27:25,/,200,81.5
2026-07-29T11:34:51,/pricing,200,37.1
2026-07-29T11:35:46,/api/checkout,200,174.8
2026-07-29T11:38:54,/docs,200,64.2
2026-07-29T11:40:52,/docs,200,37.0
2026-07-29T11:47:36,/,200,212.4
2026-07-29T11:56:49,/api/export,200,643.9
2026-07-29T12:06:14,/pricing,200,37.9
2026-07-29T12:08:26,/pricing,200,80.8
2026-07-29T12:13:03,/,200,26.9
2026-07-29T12:19:49,/api/search,200,253.0
2026-07-29T12:21:25,/api/export,200,596.2
2026-07-29T12:33:03,/api/export,200,255.8
2026-07-29T12:35:10,/,200,37.3
2026-07-29T12:35:16,/,200,360.6
2026-07-29T12:57:36,/,200,25.9
2026-07-29T12:57:54,/,200,63.9
2026-07-29T13:00:32,/api/search,200,173.2
2026-07-29T13:04:09,/api/checkout,200,848.3
2026-07-29T13:09:31,/api/export,200,4364.7
2026-07-29T13:34:48,/api/checkout,200,335.4
2026-07-29T13:39:21,/,200,49.1
2026-07-29T13:43:06,/api/search,200,159.3
2026-07-29T13:49:09,/,200,22.0
2026-07-29T13:49:48,/docs,200,30.6
2026-07-29T13:59:30,/api/checkout,200,274.8
2026-07-29T14:02:57,/api/export,200,924.5
2026-07-29T14:08:42,/api/search,200,130.2
2026-07-29T14:15:31,/api/checkout,200,206.1
2026-07-29T14:27:40,/docs,200,22.3
2026-07-29T14:29:33,/api/search,200,207.7
2026-07-29T14:32:44,/,200,38.8
2026-07-29T14:51:18,/api/search,200,144.7
2026-07-29T14:52:43,/pricing,200,14.7
2026-07-29T15:03:08,/,200,78.5
2026-07-29T15:09:42,/,200,30.5
2026-07-29T15:15:25,/api/checkout,200,110.0
2026-07-29T15:16:42,/,500,20.8
2026-07-29T15:20:17,/docs,200,196.6
2026-07-29T15:20:40,/api/search,200,128.5
2026-07-29T15:36:28,/,200,38.0
2026-07-29T15:48:30,/api/checkout,200,223.1
2026-07-29T16:06:24,/api/checkout,200,400.2
2026-07-29T16:08:37,/api/export,200,1148.3
2026-07-29T16:08:43,/,200,51.6
2026-07-29T16:19:19,/,200,52.3
2026-07-29T16:36:24,/api/checkout,200,279.3
2026-07-29T16:37:30,/api/checkout,200,422.7
2026-07-29T16:39:18,/,200,36.1
2026-07-29T16:45:50,/docs,401,29.1
2026-07-29T16:51:45,/pricing,200,56.8
2026-07-29T17:04:52,/,200,56.1
2026-07-29T17:13:04,/,404,22.1
2026-07-29T17:28:35,/api/search,200,147.9
2026-07-29T17:38:30,/,200,13.9
2026-07-29T17:48:52,/api/checkout,200,461.5
2026-07-29T17:48:59,/api/search,200,310.9
2026-07-29T18:13:50,/,200,71.8
2026-07-29T18:20:51,/,200,38.3
2026-07-29T18:21:48,/api/search,200,177.6
2026-07-29T18:29:42,/api/search,200,165.7
2026-07-29T18:31:54,/api/checkout,200,287.5
2026-07-29T18:52:23,/api/export,200,867.4
2026-07-29T18:53:06,/docs,200,291.0
2026-07-29T19:16:43,/api/search,200,157.5
2026-07-29T19:22:18,/docs,200,46.3
2026-07-29T19:44:00,/api/search,200,75.3
2026-07-29T20:03:45,/,200,25.8
2026-07-29T20:04:45,/api/search,200,205.9
2026-07-29T20:09:16,/docs,200,99.3
2026-07-29T20:11:46,/docs,200,63.5
2026-07-29T20:34:40,/docs,200,66.7
2026-07-29T21:25:06,/,200,54.4
2026-07-29T21:34:18,/docs,200,63.6
2026-07-29T21:59:55,/,200,69.7
2026-07-29T23:23:29,/,200,129.8
2026-07-30T01:28:38,/,200,61.8
2026-07-30T04:20:04,/docs,200,48.0
2026-07-30T04:41:11,/api/checkout,200,254.4
2026-07-30T04:55:08,/,200,33.0
2026-07-30T06:05:19,/,200,27.4
2026-07-30T06:21:04,/,200,52.3
2026-07-30T07:10:20,/pricing,401,11.4
2026-07-30T07:10:30,/api/search,200,215.2
2026-07-30T07:35:54,/api/checkout,200,478.2
2026-07-30T07:40:16,/docs,200,48.1
2026-07-30T07:59:57,/docs,200,96.2
2026-07-30T08:08:20,/api/export,200,682.1
2026-07-30T08:26:47,/api/checkout,200,139.5
2026-07-30T08:47:28,/api/checkout,200,170.0
2026-07-30T09:32:52,/api/checkout,200,149.6
2026-07-30T09:43:39,/pricing,200,97.2
2026-07-30T10:06:33,/,500,36.4
2026-07-30T10:07:33,/api/export,200,600.9
2026-07-30T10:21:07,/api/checkout,200,424.1
2026-07-30T10:36:35,/api/checkout,200,244.4
2026-07-30T10:37:40,/api/search,200,142.4
2026-07-30T10:39:41,/,200,39.8
2026-07-30T10:45:08,/docs,200,44.5
2026-07-30T10:46:53,/api/checkout,200,278.0
2026-07-30T10:55:22,/docs,200,144.0
2026-07-30T11:08:11,/,200,72.6
2026-07-30T11:10:34,/api/checkout,200,108.2
2026-07-30T11:31:18,/,200,13.7
2026-07-30T11:37:06,/api/search,200,149.5
2026-07-30T11:40:46,/,200,73.3
2026-07-30T11:42:52,/api/checkout,200,176.7
2026-07-30T11:43:31,/docs,200,45.6
2026-07-30T11:58:04,/api/search,200,73.5
2026-07-30T12:26:04,/docs,200,90.3
2026-07-30T12:36:52,/,200,51.2
2026-07-30T12:38:57,/,200,45.9
2026-07-30T12:41:34,/docs,200,108.2
2026-07-30T12:43:38,/,200,37.0
2026-07-30T12:59:30,/docs,200,56.4
2026-07-30T13:04:13,/api/checkout,200,376.6
2026-07-30T13:04:21,/docs,200,47.8
2026-07-30T13:04:34,/api/search,200,330.9
2026-07-30T13:07:33,/,200,44.4
2026-07-30T13:08:37,/docs,200,82.4
2026-07-30T13:10:12,/docs,200,90.7
2026-07-30T13:28:35,/,200,44.7
2026-07-30T13:34:14,/docs,200,62.5
2026-07-30T13:48:11,/api/checkout,200,204.9
2026-07-30T13:50:01,/pricing,200,110.0
2026-07-30T13:56:46,/api/export,200,403.3
2026-07-30T14:00:49,/docs,200,215.4
2026-07-30T14:09:38,/api/search,200,206.0
2026-07-30T14:17:13,/api/search,200,165.9
2026-07-30T14:20:30,/pricing,200,40.3
2026-07-30T14:34:07,/pricing,200,110.3
2026-07-30T14:43:12,/api/search,200,125.5
2026-07-30T14:49:16,/,200,50.9
2026-07-30T14:51:51,/,200,35.4
2026-07-30T14:54:08,/pricing,200,91.4
2026-07-30T14:55:32,/api/checkout,200,355.4
2026-07-30T15:01:04,/pricing,200,43.6
2026-07-30T15:04:59,/docs,200,82.2
2026-07-30T15:12:07,/,200,23.5
2026-07-30T15:15:33,/api/export,200,1118.4
2026-07-30T15:21:36,/,200,43.4
2026-07-30T15:23:49,/,200,118.5
2026-07-30T15:30:29,/api/search,200,930.1
2026-07-30T15:34:14,/docs,200,89.1
2026-07-30T15:35:20,/api/export,200,478.1
2026-07-30T15:35:47,/api/checkout,200,226.2
2026-07-30T15:38:07,/,200,25.6
2026-07-30T15:44:19,/docs,200,39.5
2026-07-30T15:45:59,/api/search,200,367.7
2026-07-30T15:51:18,/,200,25.5
2026-07-30T15:58:42,/api/search,200,282.2
2026-07-30T16:12:51,/,200,30.4
2026-07-30T16:13:13,/docs,200,55.0
2026-07-30T16:27:30,/,200,24.4
2026-07-30T16:34:17,/,200,57.1
2026-07-30T16:35:18,/docs,200,30.2
2026-07-30T16:45:49,/api/search,200,116.7
2026-07-30T16:49:53,/api/checkout,200,135.7
2026-07-30T16:51:21,/pricing,200,43.5
2026-07-30T17:14:15,/api/search,200,260.9
2026-07-30T17:25:35,/api/search,200,207.5
2026-07-30T17:28:37,/api/checkout,200,225.3
2026-07-30T17:32:30,/api/checkout,200,162.7
2026-07-30T17:37:16,/api/search,200,330.2
2026-07-30T17:42:24,/pricing,503,14.2
2026-07-30T17:42:27,/,200,55.5
2026-07-30T18:02:04,/,200,55.1
2026-07-30T18:10:49,/api/search,200,279.3
2026-07-30T18:19:03,/api/search,200,348.4
2026-07-30T18:22:59,/api/search,404,50.4
2026-07-30T19:31:01,/,200,34.7
2026-07-30T19:50:37,/api/search,200,102.6
2026-07-30T19:56:20,/api/search,200,292.8
2026-07-30T20:24:33,/pricing,200,53.0
2026-07-30T21:11:40,/,200,14.7
2026-07-30T22:08:28,/docs,200,66.1
2026-07-30T22:38:02,/api/search,200,98.4
2026-07-30T22:41:48,/,200,46.2
2026-07-30T23:05:09,/docs,200,41.0
2026-07-31T01:32:03,/api/search,200,566.8
2026-07-31T06:06:25,/,200,22.6
2026-07-31T06:57:07,/api/checkout,200,1723.3
2026-07-31T07:17:28,/,200,61.3
2026-07-31T07:29:15,/docs,200,53.7
2026-07-31T07:42:54,/api/checkout,200,207.4
2026-07-31T07:55:01,/,200,376.9
2026-07-31T08:06:27,/docs,200,25.2
2026-07-31T08:29:45,/api/search,200,124.9
2026-07-31T09:18:42,/api/search,200,145.6
2026-07-31T09:57:48,/docs,200,81.1
2026-07-31T10:00:18,/pricing,200,80.2
2026-07-31T10:02:14,/,200,35.9
2026-07-31T10:12:40,/api/search,200,255.3
2026-07-31T10:14:33,/,200,44.5
2026-07-31T10:22:26,/docs,200,32.1
2026-07-31T10:26:16,/pricing,200,119.2
2026-07-31T10:31:37,/docs,200,21.3
2026-07-31T10:32:50,/api/export,200,758.5
2026-07-31T11:01:42,/docs,200,48.3
2026-07-31T11:08:51,/api/checkout,404,86.1
2026-07-31T11:09:26,/docs,200,42.6
2026-07-31T11:34:29,/api/search,200,210.6
2026-07-31T11:36:12,/,200,70.3
2026-07-31T11:41:11,/,200,37.6
2026-07-31T11:49:13,/api/search,200,169.9
2026-07-31T12:03:51,/pricing,401,10.5
2026-07-31T12:13:47,/,200,63.3
2026-07-31T12:15:21,/docs,200,39.9
2026-07-31T12:38:28,/docs,200,48.4
2026-07-31T12:53:30,/api/export,200,789.9
2026-07-31T13:00:43,/,200,38.1
2026-07-31T13:03:12,/,200,35.1
2026-07-31T13:09:33,/api/search,200,103.4
2026-07-31T13:18:27,/api/checkout,200,242.4
2026-07-31T13:34:18,/docs,200,28.8
2026-07-31T13:34:50,/pricing,200,84.3
2026-07-31T13:40:31,/api/checkout,200,358.1
2026-07-31T13:53:54,/pricing,200,29.4
2026-07-31T13:57:54,/api/export,200,942.2
2026-07-31T13:58:40,/docs,200,141.0
2026-07-31T14:05:05,/,200,27.5
2026-07-31T14:08:54,/pricing,200,119.4
2026-07-31T14:08:59,/api/search,200,173.3
2026-07-31T14:13:28,/api/checkout,200,803.5
2026-07-31T14:26:52,/api/search,200,239.3
2026-07-31T14:37:04,/api/export,200,392.0
2026-07-31T14:40:09,/docs,200,41.3
2026-07-31T14:41:30,/api/checkout,200,136.0
2026-07-31T14:45:55,/api/checkout,200,196.0
2026-07-31T14:55:19,/,200,32.5
2026-07-31T15:10:05,/docs,200,36.5
2026-07-31T15:26:28,/docs,200,48.3
2026-07-31T15:31:44,/docs,200,49.9
2026-07-31T15:42:18,/,200,71.9
2026-07-31T15:42:18,/,200,40.1
2026-07-31T15:44:28,/,200,43.5
2026-07-31T15:49:58,/pricing,401,12.5
2026-07-31T16:05:58,/api/search,200,181.0
2026-07-31T16:10:24,/,200,12.5
2026-07-31T16:15:14,/pricing,200,67.8
2026-07-31T16:19:22,/docs,200,59.9
2026-07-31T16:30:25,/api/export,200,455.5
2026-07-31T16:39:00,/,200,23.4
2026-07-31T16:48:22,/,200,44.7
2026-07-31T16:49:23,/api/search,200,90.6
2026-07-31T16:49:49,/api/export,200,663.6
2026-07-31T17:11:59,/,200,37.4
2026-07-31T17:14:38,/api/checkout,200,62.0
2026-07-31T17:16:57,/pricing,200,13.8
2026-07-31T17:19:00,/docs,200,109.0
2026-07-31T17:44:12,/api/search,200,150.2
2026-07-31T17:44:57,/api/export,200,573.5
2026-07-31T17:48:23,/api/search,200,347.3
2026-07-31T17:49:02,/docs,200,43.6
2026-07-31T17:54:31,/api/search,200,171.5
2026-07-31T17:58:38,/,200,51.5
2026-07-31T18:00:00,/,200,67.0
2026-07-31T18:04:27,/,200,67.0
2026-07-31T18:10:29,/,200,35.5
2026-07-31T18:10:44,/,200,19.0
2026-07-31T18:13:00,/api/search,200,206.5
2026-07-31T18:13:24,/pricing,200,42.9
2026-07-31T18:37:13,/docs,200,33.4
2026-07-31T18:41:42,/pricing,200,36.9
2026-07-31T18:49:27,/api/search,200,163.9
2026-07-31T19:10:45,/,200,45.2
2026-07-31T19:14:38,/,200,24.2
2026-07-31T19:18:22,/api/export,200,1620.7
2026-07-31T19:22:41,/api/checkout,200,63.2
2026-07-31T19:38:02,/pricing,200,33.8
2026-07-31T19:47:06,/docs,200,40.8
2026-07-31T19:48:50,/,200,24.4
2026-07-31T19:56:53,/,200,42.1
2026-07-31T19:58:45,/pricing,200,118.6
2026-07-31T19:59:08,/api/search,200,285.6
2026-07-31T20:18:49,/docs,200,224.7
2026-07-31T20:29:46,/api/checkout,200,394.8
2026-07-31T20:33:33,/pricing,200,131.0
2026-07-31T21:02:30,/api/checkout,401,56.1
2026-07-31T21:38:16,/pricing,200,39.4
2026-07-31T22:18:56,/docs,200,64.8
2026-07-31T23:03:56,/docs,200,77.6
2026-07-31T23:23:05,/docs,200,47.4
2026-07-31T23:52:03,/api/export,200,1105.6
2026-08-01T03:17:56,/,200,15.9
2026-08-01T07:37:18,/pricing,200,479.4
2026-08-01T07:45:43,/api/export,200,208.9
2026-08-01T07:56:05,/,200,29.0
2026-08-01T08:43:07,/docs,200,67.7
2026-08-01T08:48:19,/docs,200,75.4
2026-08-01T08:59:08,/api/checkout,200,416.0
2026-08-01T09:01:44,/docs,200,57.3
2026-08-01T09:16:52,/,200,19.7
2026-08-01T10:17:10,/api/checkout,200,389.8
2026-08-01T10:38:43,/api/checkout,200,434.0
2026-08-01T10:50:51,/docs,200,85.7
2026-08-01T11:01:28,/docs,200,69.3
2026-08-01T11:07:55,/docs,200,52.9
2026-08-01T11:13:06,/api/export,200,462.6
2026-08-01T11:34:39,/api/search,200,670.0
2026-08-01T12:00:14,/docs,200,22.6
2026-08-01T12:13:05,/,200,21.2
2026-08-01T12:30:36,/docs,200,52.8
2026-08-01T12:37:09,/,200,54.7
2026-08-01T12:44:41,/api/checkout,200,252.2
2026-08-01T13:14:25,/,200,32.6
2026-08-01T13:15:19,/pricing,200,54.0
2026-08-01T13:23:02,/,200,17.9
2026-08-01T13:26:41,/docs,200,77.5
2026-08-01T13:34:11,/docs,200,40.7
2026-08-01T13:34:53,/pricing,200,132.4
2026-08-01T14:00:40,/api/checkout,200,220.9
2026-08-01T14:12:17,/api/search,200,238.5
2026-08-01T14:19:43,/pricing,200,50.4
2026-08-01T14:24:04,/api/export,200,456.5
2026-08-01T14:32:58,/api/checkout,401,52.1
2026-08-01T14:57:34,/docs,200,40.5
2026-08-01T15:40:29,/api/search,200,240.9
2026-08-01T15:45:16,/docs,200,51.4
2026-08-01T16:00:12,/api/checkout,200,155.8
2026-08-01T16:27:12,/,200,41.2
2026-08-01T16:45:10,/api/search,200,349.6
2026-08-01T17:02:07,/,200,42.6
2026-08-01T17:09:01,/,200,67.5
2026-08-01T17:16:08,/api/export,200,422.2
2026-08-01T17:23:31,/docs,200,38.4
2026-08-01T17:40:44,/pricing,200,40.0
2026-08-01T17:45:39,/,500,18.2
2026-08-01T17:52:09,/,200,33.4
2026-08-01T19:11:18,/,200,55.2
2026-08-01T19:13:36,/docs,500,22.1
2026-08-01T19:43:49,/docs,200,54.0
2026-08-01T21:18:03,/api/checkout,200,199.9
2026-08-01T23:00:31,/api/checkout,200,216.4
2026-08-01T23:45:36,/pricing,200,32.6
2026-08-02T05:02:09,/,200,46.6
2026-08-02T05:48:50,/pricing,200,55.4
2026-08-02T05:59:59,/docs,200,46.7
2026-08-02T06:14:19,/,200,52.4
2026-08-02T07:45:57,/api/checkout,200,73.8
2026-08-02T08:16:50,/docs,200,73.2
2026-08-02T08:34:52,/,200,45.6
2026-08-02T08:46:24,/,200,41.0
2026-08-02T09:23:21,/api/export,200,770.7
2026-08-02T09:25:31,/pricing,200,63.1
2026-08-02T09:47:42,/pricing,200,49.9
2026-08-02T09:51:15,/api/search,200,120.8
2026-08-02T10:20:38,/api/checkout,200,304.5
2026-08-02T10:39:21,/pricing,200,39.5
2026-08-02T10:42:38,/docs,200,110.5
2026-08-02T11:16:16,/,200,50.9
2026-08-02T12:12:35,/pricing,200,82.4
2026-08-02T12:24:08,/api/checkout,200,273.2
2026-08-02T12:25:35,/,200,53.6
2026-08-02T12:38:41,/,200,34.6
2026-08-02T12:56:52,/,200,109.2
2026-08-02T13:06:27,/,200,28.9
2026-08-02T13:47:27,/,200,41.0
2026-08-02T13:54:19,/,200,39.0
2026-08-02T14:09:02,/api/checkout,200,393.0
2026-08-02T14:10:24,/,200,118.3
2026-08-02T14:44:50,/docs,200,52.2
2026-08-02T14:47:14,/docs,200,29.0
2026-08-02T15:00:11,/docs,200,52.1
2026-08-02T15:14:32,/docs,200,240.4
2026-08-02T15:17:36,/api/search,200,434.8
2026-08-02T15:25:47,/api/checkout,200,236.2
2026-08-02T15:26:27,/docs,200,88.7
2026-08-02T15:41:02,/api/checkout,200,139.7
2026-08-02T15:46:33,/,200,41.6
2026-08-02T16:03:29,/pricing,200,39.5
2026-08-02T16:13:22,/api/search,200,139.8
2026-08-02T16:30:14,/,200,24.8
2026-08-02T16:31:21,/api/search,200,345.8
2026-08-02T16:48:31,/,200,61.1
2026-08-02T17:00:23,/pricing,401,21.0
2026-08-02T17:25:54,/api/search,200,140.1
2026-08-02T17:47:51,/api/search,200,203.3
2026-08-02T18:01:48,/,200,79.8
2026-08-02T18:30:00,/api/search,200,121.2
2026-08-02T18:32:07,/,200,36.9
2026-08-02T19:03:13,/api/search,200,161.7
2026-08-02T19:05:06,/docs,200,56.2
2026-08-02T19:57:07,/,200,200.2
2026-08-02T20:05:00,/,200,27.3
2026-08-02T20:33:18,/docs,200,79.2
2026-08-02T22:15:59,/,200,69.7
2026-08-03T00:41:48,/,200,31.3
2026-08-03T05:10:15,/docs,200,78.0
2026-08-03T05:24:08,/,200,47.8
2026-08-03T06:32:58,/,200,37.0
2026-08-03T06:37:12,/api/search,200,248.0
2026-08-03T07:00:21,/docs,200,40.2
2026-08-03T07:08:00,/,200,33.4
2026-08-03T07:28:08,/api/checkout,200,101.2
2026-08-03T08:28:03,/api/checkout,200,348.3
2026-08-03T08:28:48,/pricing,200,55.4
2026-08-03T08:55:58,/api/export,200,506.7
2026-08-03T09:02:43,/,200,25.9
2026-08-03T09:19:10,/api/checkout,200,207.4
2026-08-03T09:34:32,/api/search,200,172.9
2026-08-03T10:10:09,/api/search,200,145.6
2026-08-03T10:12:32,/,200,25.6
2026-08-03T10:15:27,/docs,200,58.2
2026-08-03T10:17:51,/docs,200,47.2
2026-08-03T10:19:06,/docs,200,35.9
2026-08-03T10:19:46,/pricing,200,143.8
2026-08-03T10:20:03,/docs,200,59.5
2026-08-03T10:23:15,/docs,200,20.3
2026-08-03T10:37:24,/docs,200,77.1
2026-08-03T10:42:59,/,200,33.1
2026-08-03T10:47:49,/,200,86.5
2026-08-03T10:55:24,/docs,200,39.4
2026-08-03T10:59:41,/api/search,200,140.7
2026-08-03T11:06:41,/api/search,200,329.7
2026-08-03T11:09:04,/,200,27.8
2026-08-03T11:13:14,/,200,16.7
2026-08-03T11:24:33,/api/export,200,387.6
2026-08-03T11:34:19,/,200,35.3
2026-08-03T11:38:41,/api/search,200,113.6
2026-08-03T11:45:28,/,200,49.5
2026-08-03T11:52:05,/api/export,200,375.0
2026-08-03T11:55:39,/,200,33.6
2026-08-03T11:58:58,/pricing,200,35.3
2026-08-03T12:07:19,/docs,200,36.9
2026-08-03T12:09:08,/,200,31.0
2026-08-03T12:09:20,/docs,200,61.6
2026-08-03T12:12:01,/,200,37.7
2026-08-03T12:15:14,/api/export,200,664.6
2026-08-03T12:15:47,/,200,25.0
2026-08-03T12:15:59,/api/checkout,200,413.4
2026-08-03T12:16:12,/docs,200,32.6
2026-08-03T12:20:49,/,200,94.4
2026-08-03T12:29:38,/pricing,200,23.0
2026-08-03T12:42:13,/api/search,200,229.0
2026-08-03T12:42:57,/pricing,200,71.5
2026-08-03T12:52:17,/docs,200,16.2
2026-08-03T12:53:38,/,200,88.6
2026-08-03T12:58:48,/,200,41.5
2026-08-03T13:00:58,/api/search,200,390.4
2026-08-03T13:02:39,/pricing,200,45.6
2026-08-03T13:21:47,/pricing,200,49.3
2026-08-03T13:26:52,/api/search,200,208.6
2026-08-03T13:31:36,/docs,200,65.7
2026-08-03T13:36:16,/,200,32.9
2026-08-03T13:46:12,/docs,200,234.7
2026-08-03T13:52:35,/api/search,200,121.7
2026-08-03T13:56:24,/,200,45.9
2026-08-03T14:03:41,/,200,71.9
2026-08-03T14:05:16,/pricing,200,83.7
2026-08-03T14:14:06,/api/export,200,971.7
2026-08-03T14:16:29,/,200,93.8
2026-08-03T14:18:56,/,200,337.6
2026-08-03T14:21:10,/,200,30.6
2026-08-03T14:31:16,/api/checkout,200,499.3
2026-08-03T14:33:12,/api/search,200,518.8
2026-08-03T14:54:21,/api/checkout,200,235.1
2026-08-03T15:03:26,/api/checkout,200,192.8
2026-08-03T15:04:22,/api/search,200,189.7
2026-08-03T15:06:58,/api/search,200,260.0
2026-08-03T15:07:08,/api/checkout,200,286.2
2026-08-03T15:16:08,/,200,66.2
2026-08-03T15:18:14,/docs,200,26.6
2026-08-03T15:21:38,/api/search,200,99.3
2026-08-03T15:23:49,/api/search,200,345.4
2026-08-03T15:27:03,/pricing,200,44.0
2026-08-03T15:44:39,/api/export,200,581.3
2026-08-03T15:52:09,/api/checkout,200,983.2
2026-08-03T15:55:36,/docs,200,63.8
2026-08-03T15:55:55,/,200,30.3
2026-08-03T15:59:24,/docs,200,43.7
2026-08-03T16:00:56,/docs,200,82.1
2026-08-03T16:04:54,/pricing,200,50.6
2026-08-03T16:10:01,/pricing,200,41.3
2026-08-03T16:19:35,/docs,200,86.3
2026-08-03T16:45:41,/docs,200,97.0
2026-08-03T16:56:54,/docs,200,41.0
2026-08-03T16:59:00,/api/checkout,200,64.0
2026-08-03T17:26:22,/,200,38.3
2026-08-03T17:28:02,/api/search,404,39.1
2026-08-03T17:39:40,/api/export,200,270.9
2026-08-03T17:56:34,/,200,24.4
2026-08-03T17:57:18,/docs,200,55.1
2026-08-03T18:00:22,/api/search,200,361.1
2026-08-03T18:13:38,/pricing,200,51.2
2026-08-03T18:14:24,/,404,9.6
2026-08-03T19:02:42,/api/search,200,145.4
2026-08-03T19:23:56,/pricing,200,30.2
2026-08-03T19:59:15,/api/checkout,200,356.1
2026-08-03T20:12:04,/,200,31.0
2026-08-03T20:21:39,/api/checkout,401,44.3
2026-08-03T21:01:55,/docs,200,70.4
2026-08-03T22:12:44,/,200,57.3
2026-08-03T22:29:33,/,200,38.3
2026-08-03T22:32:36,/api/search,200,204.2
2026-08-03T23:51:43,/api/search,200,262.7
2026-08-04T02:58:15,/api/search,200,262.2
2026-08-04T07:23:35,/,200,32.6
2026-08-04T07:28:38,/api/export,200,367.6
2026-08-04T07:42:03,/,200,37.8
2026-08-04T08:11:53,/api/export,200,488.4
2026-08-04T08:14:45,/api/search,200,226.0
2026-08-04T08:27:42,/docs,200,120.7
2026-08-04T08:33:33,/,200,28.7
2026-08-04T08:34:45,/api/search,200,320.3
2026-08-04T08:37:50,/api/search,200,132.0
2026-08-04T08:51:10,/,200,36.6
2026-08-04T09:19:08,/,200,30.2
2026-08-04T09:25:36,/docs,200,41.4
2026-08-04T09:47:38,/api/checkout,200,473.1
2026-08-04T09:48:55,/pricing,200,47.8
2026-08-04T09:53:19,/api/search,200,133.6
2026-08-04T09:59:49,/pricing,200,38.8
2026-08-04T10:10:09,/docs,200,38.6
2026-08-04T10:19:35,/api/checkout,200,163.8
2026-08-04T10:22:02,/,200,43.9
2026-08-04T10:24:04,/api/export,200,906.2
2026-08-04T10:41:39,/api/checkout,200,1497.6
2026-08-04T10:42:58,/docs,200,73.4
2026-08-04T11:04:29,/,200,24.4
2026-08-04T11:06:51,/,200,39.1
2026-08-04T11:15:23,/pricing,200,40.1
2026-08-04T11:21:49,/docs,200,66.3
2026-08-04T11:26:30,/api/search,200,103.5
2026-08-04T11:26:58,/pricing,200,27.4
2026-08-04T11:33:31,/api/checkout,200,111.3
2026-08-04T11:36:24,/,200,72.9
2026-08-04T11:39:23,/api/export,200,801.8
2026-08-04T11:56:57,/docs,200,41.4
2026-08-04T12:04:37,/api/export,200,966.3
2026-08-04T12:16:05,/,200,39.8
2026-08-04T12:20:15,/,200,52.7
2026-08-04T12:36:04,/api/checkout,200,292.4
2026-08-04T12:38:36,/api/export,200,486.6
2026-08-04T12:41:15,/pricing,200,59.7
2026-08-04T12:46:19,/api/search,200,249.1
2026-08-04T12:48:20,/api/export,200,1174.4
2026-08-04T12:51:18,/,200,31.6
2026-08-04T12:56:33,/,200,30.4
2026-08-04T12:56:33,/docs,200,74.1
2026-08-04T13:03:27,/api/export,200,465.7
2026-08-04T13:03:57,/docs,200,73.6
2026-08-04T13:04:29,/docs,200,16.2
2026-08-04T13:09:17,/api/search,200,113.8
2026-08-04T13:13:51,/,200,69.1
2026-08-04T13:35:42,/,200,35.5
2026-08-04T13:40:37,/,200,40.3
2026-08-04T13:55:15,/,200,18.5
2026-08-04T13:58:42,/api/search,200,106.6
2026-08-04T14:02:43,/api/checkout,200,228.5
2026-08-04T14:18:45,/,200,24.6
2026-08-04T14:21:53,/docs,200,102.7
2026-08-04T14:23:43,/,200,43.6
2026-08-04T14:25:39,/api/search,200,139.7
2026-08-04T14:34:14,/api/checkout,200,342.7
2026-08-04T14:41:43,/docs,200,95.3
2026-08-04T14:46:12,/,200,41.3
2026-08-04T14:55:49,/,200,33.2
2026-08-04T14:57:59,/,200,67.8
2026-08-04T14:59:44,/pricing,200,94.3
2026-08-04T15:03:19,/pricing,200,51.3
2026-08-04T15:14:14,/,200,35.5
2026-08-04T15:16:48,/api/search,404,53.6
2026-08-04T15:19:23,/,200,59.0
2026-08-04T15:21:30,/api/search,200,2972.7
2026-08-04T15:23:24,/,200,34.7
2026-08-04T15:27:31,/,200,18.2
2026-08-04T15:28:53,/pricing,200,85.6
2026-08-04T15:29:53,/api/checkout,200,209.9
2026-08-04T15:38:54,/,200,26.8
2026-08-04T15:40:35,/api/search,200,166.1
2026-08-04T15:47:30,/,200,57.2
2026-08-04T15:52:21,/api/export,200,788.9
2026-08-04T16:06:34,/pricing,200,43.3
2026-08-04T16:17:29,/,200,45.2
2026-08-04T16:23:06,/,200,60.0
2026-08-04T16:27:42,/,200,55.9
2026-08-04T16:27:59,/docs,200,59.0
2026-08-04T16:36:00,/api/checkout,401,44.1
2026-08-04T16:40:36,/api/checkout,200,471.6
2026-08-04T16:43:08,/docs,200,55.6
2026-08-04T16:49:11,/,404,14.5
2026-08-04T17:13:40,/api/export,200,328.2
2026-08-04T17:23:20,/api/export,200,714.3
2026-08-04T17:26:16,/pricing,200,73.4
2026-08-04T17:28:00,/,200,61.3
2026-08-04T17:34:22,/docs,200,48.3
2026-08-04T17:39:01,/api/checkout,200,552.1
2026-08-04T17:40:58,/,200,25.8
2026-08-04T17:48:31,/docs,200,106.8
2026-08-04T17:52:24,/api/export,200,526.3
2026-08-04T17:53:21,/api/search,200,159.0
2026-08-04T18:24:48,/api/search,200,129.9
2026-08-04T18:26:21,/api/checkout,200,525.5
2026-08-04T18:46:36,/api/search,200,115.1
2026-08-04T19:15:15,/pricing,200,34.3
2026-08-04T19:31:03,/docs,200,87.2
2026-08-04T19:42:18,/docs,200,101.7
2026-08-04T19:55:13,/api/checkout,200,234.0
2026-08-04T19:57:50,/docs,200,46.8
2026-08-04T20:19:42,/api/checkout,200,130.8
2026-08-04T20:41:03,/pricing,200,39.7
2026-08-04T21:23:11,/pricing,404,23.6
2026-08-04T22:16:02,/,200,62.6
2026-08-04T23:31:52,/api/search,200,182.0
2026-08-04T23:57:55,/api/search,200,451.1
